r,model,subject,channel
0.4034978066104052,model1,OP0003,Fp1
0.41088833626247095,model2,OP0003,Fp1
0.19671217407899252,model1,OP0003,Fz
0.19014774541928045,model2,OP0003,Fz
0.23571907825721466,model1,OP0003,F3
0.23607456574652322,model2,OP0003,F3
0.2389969311758802,model1,OP0003,F7
0.23997997962294668,model2,OP0003,F7
0.42672518958811456,model1,OP0003,FT9
0.43512042304414467,model2,OP0003,FT9
0.21511105724219276,model1,OP0003,FC1
0.2099712714192735,model2,OP0003,FC1
0.1826141330392388,model1,OP0003,C3
0.1764287927178817,model2,OP0003,C3
0.18225596935995406,model1,OP0003,T7
0.18092280737947647,model2,OP0003,T7
0.09645142783491206,model1,OP0003,TP9
0.10314295274675006,model2,OP0003,TP9
0.17442100450273149,model1,OP0003,CP5
0.17263280839729703,model2,OP0003,CP5
0.14437718898451343,model1,OP0003,CP1
0.1398793761591779,model2,OP0003,CP1
0.13303910794430668,model1,OP0003,Pz
0.13319333764393212,model2,OP0003,Pz
0.1596761278318081,model1,OP0003,P3
0.16253830356287077,model2,OP0003,P3
0.2438287960421917,model1,OP0003,P7
0.2544183218264407,model2,OP0003,P7
0.1562411592271774,model1,OP0003,O1
0.1601100431996592,model2,OP0003,O1
0.24256895593124997,model1,OP0003,Oz
0.27007922521551614,model2,OP0003,Oz
0.17376648243970383,model1,OP0003,O2
0.17852001943677318,model2,OP0003,O2
0.13991692406596187,model1,OP0003,P4
0.14031527324123658,model2,OP0003,P4
0.16038192988676553,model1,OP0003,P8
0.16429817449440462,model2,OP0003,P8
0.10600512122412835,model1,OP0003,TP10
0.11122656913147891,model2,OP0003,TP10
0.1308179584853342,model1,OP0003,CP6
0.1233179175880629,model2,OP0003,CP6
0.13232828572051944,model1,OP0003,CP2
0.12728176264677624,model2,OP0003,CP2
0.13699821577627516,model1,OP0003,Cz
0.13111224661982726,model2,OP0003,Cz
0.17368187265275356,model1,OP0003,C4
0.16112524643146411,model2,OP0003,C4
0.42085794295977647,model1,OP0003,FT10
0.4276402169007704,model2,OP0003,FT10
0.2249026657318421,model1,OP0003,FC6
0.22158931982220503,model2,OP0003,FC6
0.14664005007075054,model1,OP0003,FC2
0.1388368826773748,model2,OP0003,FC2
0.2496284572392847,model1,OP0003,F4
0.24517283798021347,model2,OP0003,F4
0.29734304949958884,model1,OP0003,F8
0.2980488785302396,model2,OP0003,F8
0.29112133205617996,model1,OP0003,Fp2
0.2879795279326082,model2,OP0003,Fp2
0.29710630711479263,model1,OP0003,AF7
0.2973349274318275,model2,OP0003,AF7
0.28158157435345943,model1,OP0003,AF3
0.280275950083284,model2,OP0003,AF3
0.2830390636170528,model1,OP0003,AFz
0.277871227671441,model2,OP0003,AFz
0.23382588018849174,model1,OP0003,F1
0.23287709126244896,model2,OP0003,F1
0.23696690729363987,model1,OP0003,F5
0.2375356027363949,model2,OP0003,F5
0.31063323928714165,model1,OP0003,FT7
0.3108011639044633,model2,OP0003,FT7
0.17731955875029845,model1,OP0003,FC3
0.1728631696502782,model2,OP0003,FC3
0.16184024782730913,model1,OP0003,FCz
0.15674649634639778,model2,OP0003,FCz
0.1450606718515858,model1,OP0003,C1
0.14213530843697697,model2,OP0003,C1
0.19023376747354603,model1,OP0003,C5
0.18652288957549396,model2,OP0003,C5
0.16071798025348671,model1,OP0003,TP7
0.1606209705878574,model2,OP0003,TP7
0.16038428497612633,model1,OP0003,CP3
0.15404496780795926,model2,OP0003,CP3
0.15857933220963275,model1,OP0003,P1
0.16105520791274147,model2,OP0003,P1
0.15190975597416356,model1,OP0003,P5
0.15787658082703926,model2,OP0003,P5
0.18542992330305774,model1,OP0003,PO7
0.19130472736993498,model2,OP0003,PO7
0.1339673940129017,model1,OP0003,PO3
0.139776546578182,model2,OP0003,PO3
0.10713857301576146,model1,OP0003,POz
0.11011404767636601,model2,OP0003,POz
0.10923888427559855,model1,OP0003,PO4
0.11487462535707456,model2,OP0003,PO4
0.15566611924325222,model1,OP0003,PO8
0.15873773904080596,model2,OP0003,PO8
0.15722423267097585,model1,OP0003,P6
0.1628864106137866,model2,OP0003,P6
0.12172224754352595,model1,OP0003,P2
0.12373061631757253,model2,OP0003,P2
0.14293406079123525,model1,OP0003,CPz
0.13884814947353208,model2,OP0003,CPz
0.12951374019682557,model1,OP0003,CP4
0.1191177398984849,model2,OP0003,CP4
0.1295903387846201,model1,OP0003,TP8
0.12199265271953265,model2,OP0003,TP8
0.2045550947897928,model1,OP0003,C6
0.19709363454736767,model2,OP0003,C6
0.1485748901517979,model1,OP0003,C2
0.1412920909192739,model2,OP0003,C2
0.20299964354640618,model1,OP0003,FC4
0.19593627506790917,model2,OP0003,FC4
0.3292868564456422,model1,OP0003,FT8
0.3277304899217708,model2,OP0003,FT8
0.2390673858501228,model1,OP0003,F6
0.23439734095874848,model2,OP0003,F6
0.1638650083244429,model1,OP0003,F2
0.15651926506408395,model2,OP0003,F2
0.3034354651888642,model1,OP0003,AF4
0.3004566097448487,model2,OP0003,AF4
0.3288603157145684,model1,OP0003,AF8
0.327141139947924,model2,OP0003,AF8
0.04343398161696104,model1,OP0004,Fp1
0.04796461471098872,model2,OP0004,Fp1
0.04246239202105071,model1,OP0004,Fz
0.05331730557156931,model2,OP0004,Fz
0.03971211688208298,model1,OP0004,F3
0.06140874092104832,model2,OP0004,F3
0.04394228906446245,model1,OP0004,F7
0.05481672962911661,model2,OP0004,F7
0.05962112008114814,model1,OP0004,FT9
0.05508926795022927,model2,OP0004,FT9
0.03883089534012396,model1,OP0004,FC5
0.05838832792364761,model2,OP0004,FC5
0.04069365656093383,model1,OP0004,FC1
0.06011459614462228,model2,OP0004,FC1
0.056996520059243445,model1,OP0004,C3
0.1055796595080368,model2,OP0004,C3
0.028610677190843325,model1,OP0004,T7
0.03680368918124111,model2,OP0004,T7
0.0018127532553166826,model1,OP0004,TP9
-0.005965849371201287,model2,OP0004,TP9
0.017794348559451306,model1,OP0004,CP5
0.02552016317698462,model2,OP0004,CP5
0.025949052026792267,model1,OP0004,CP1
0.043581204965426994,model2,OP0004,CP1
0.03564710694099854,model1,OP0004,Pz
0.047412764153167815,model2,OP0004,Pz
0.040830966924190686,model1,OP0004,P3
0.034798606322857265,model2,OP0004,P3
0.03285208978600106,model1,OP0004,P7
0.025802763567899907,model2,OP0004,P7
0.05282590724125424,model1,OP0004,O1
0.042723404459670544,model2,OP0004,O1
0.0629804730528335,model1,OP0004,Oz
0.05280851307885563,model2,OP0004,Oz
0.06359072283021196,model1,OP0004,O2
0.051487293646500544,model2,OP0004,O2
0.0474275105075141,model1,OP0004,P4
0.05221851832023788,model2,OP0004,P4
0.037312281444613675,model1,OP0004,P8
0.028816722112512815,model2,OP0004,P8
0.0017485545185333183,model1,OP0004,TP10
-0.006001528223405603,model2,OP0004,TP10
0.03417145098243264,model1,OP0004,CP6
0.036032991783684534,model2,OP0004,CP6
0.04001005235074661,model1,OP0004,CP2
0.06391741882023037,model2,OP0004,CP2
0.03167151111129144,model1,OP0004,Cz
0.04851940611605561,model2,OP0004,Cz
0.04103617324565499,model1,OP0004,C4
0.06189086186315411,model2,OP0004,C4
0.10340394817890214,model1,OP0004,T8
0.11584705246826106,model2,OP0004,T8
0.07944310460970694,model1,OP0004,FT10
0.08068591325132381,model2,OP0004,FT10
0.050773709268489745,model1,OP0004,FC6
0.04783035058959551,model2,OP0004,FC6
0.041619730375521885,model1,OP0004,FC2
0.052419436517393635,model2,OP0004,FC2
0.045903259747707766,model1,OP0004,F4
0.05268256528557803,model2,OP0004,F4
0.06241795172155959,model1,OP0004,F8
0.06256733696759856,model2,OP0004,F8
0.047452524058138934,model1,OP0004,Fp2
0.051281241599711855,model2,OP0004,Fp2
0.04291004359954472,model1,OP0004,AF7
0.052897398425624055,model2,OP0004,AF7
0.045832402190832656,model1,OP0004,AF3
0.06668907211588788,model2,OP0004,AF3
0.04561336162787734,model1,OP0004,AFz
0.06131432343027804,model2,OP0004,AFz
0.04351727489829112,model1,OP0004,F1
0.060739760644584216,model2,OP0004,F1
0.03961516760368591,model1,OP0004,F5
0.06134652157600687,model2,OP0004,F5
0.04776242173623004,model1,OP0004,FT7
0.049395054636526964,model2,OP0004,FT7
0.040787690557210994,model1,OP0004,FC3
0.06656408660892058,model2,OP0004,FC3
0.041329557460516454,model1,OP0004,FCz
0.05206343868849869,model2,OP0004,FCz
0.031981849808908655,model1,OP0004,C1
0.05370768127826388,model2,OP0004,C1
0.023984347313036457,model1,OP0004,C5
0.04192482729609419,model2,OP0004,C5
0.009153677718757925,model1,OP0004,TP7
0.015932407423725644,model2,OP0004,TP7
0.021566355242390835,model1,OP0004,CP3
0.030513402058345376,model2,OP0004,CP3
0.040783300573356496,model1,OP0004,P1
0.034641657281410346,model2,OP0004,P1
0.0518485695875134,model1,OP0004,P5
0.04179058189061674,model2,OP0004,P5
0.05264117955139763,model1,OP0004,PO7
0.043224151212439756,model2,OP0004,PO7
0.06160946344480435,model1,OP0004,PO3
0.05042785731734729,model2,OP0004,PO3
0.058287434297641494,model1,OP0004,POz
0.05500836230980206,model2,OP0004,POz
0.056428373911765,model1,OP0004,PO4
0.04807421299258776,model2,OP0004,PO4
0.05840155851919815,model1,OP0004,PO8
0.045424154023396945,model2,OP0004,PO8
0.0472592971838218,model1,OP0004,P6
0.03986930061108213,model2,OP0004,P6
0.04731308498279985,model1,OP0004,P2
0.052320435793498085,model2,OP0004,P2
0.028018353700775427,model1,OP0004,CPz
0.04713445293387066,model2,OP0004,CPz
0.03774036685820079,model1,OP0004,CP4
0.05587704839967037,model2,OP0004,CP4
0.021934616649926526,model1,OP0004,TP8
0.009116203409653,model2,OP0004,TP8
0.04727751836475352,model1,OP0004,C6
0.05262043151637622,model2,OP0004,C6
0.033727807412314834,model1,OP0004,C2
0.0554668992234133,model2,OP0004,C2
0.046810723517551174,model1,OP0004,FC4
0.06217594055720481,model2,OP0004,FC4
0.05824846979691449,model1,OP0004,FT8
0.05312357640754211,model2,OP0004,FT8
0.050223779714875176,model1,OP0004,F6
0.05821580673794821,model2,OP0004,F6
0.04172912281790467,model1,OP0004,F2
0.05093769820361769,model2,OP0004,F2
0.04898155211634507,model1,OP0004,AF4
0.05925793912722678,model2,OP0004,AF4
0.053740652646385376,model1,OP0004,AF8
0.050221040726463585,model2,OP0004,AF8
0.01594728644631588,model1,OP0005,Fp1
0.0070940343336383955,model2,OP0005,Fp1
0.019860133992447654,model1,OP0005,Fz
0.00046046869302528094,model2,OP0005,Fz
0.020340836358949593,model1,OP0005,F3
-0.0009414276077873892,model2,OP0005,F3
0.06059861819955962,model1,OP0005,F7
0.06605565400616319,model2,OP0005,F7
0.1111601674606518,model1,OP0005,FT9
0.13510564716079537,model2,OP0005,FT9
0.03977754669756584,model1,OP0005,FC5
0.04908471433349109,model2,OP0005,FC5
0.05887271066270633,model1,OP0005,FC1
0.02996284485225367,model2,OP0005,FC1
0.07262565323606636,model1,OP0005,C3
0.05281116045552381,model2,OP0005,C3
0.09829159557309095,model1,OP0005,T7
0.11392950312069725,model2,OP0005,T7
0.0709211020646788,model1,OP0005,TP9
0.06252606500643516,model2,OP0005,TP9
0.06521667140269694,model1,OP0005,CP5
0.04964057905622176,model2,OP0005,CP5
0.13338126413103726,model1,OP0005,CP1
0.12633719718991057,model2,OP0005,CP1
0.16285201338238445,model1,OP0005,Pz
0.16559131949265216,model2,OP0005,Pz
0.15315994080894013,model1,OP0005,P3
0.1450775435890335,model2,OP0005,P3
0.1175236616256465,model1,OP0005,P7
0.11252607643904787,model2,OP0005,P7
0.16638690874438286,model1,OP0005,O1
0.19095321689564643,model2,OP0005,O1
0.1770069658215154,model1,OP0005,Oz
0.22166177202224915,model2,OP0005,Oz
0.17649701900283282,model1,OP0005,O2
0.22124147741927477,model2,OP0005,O2
0.15596798119333902,model1,OP0005,P4
0.17119628828711306,model2,OP0005,P4
0.11241062199135493,model1,OP0005,P8
0.14253238923694964,model2,OP0005,P8
0.07186229940965382,model1,OP0005,TP10
0.06332327575686378,model2,OP0005,TP10
0.0420096801769237,model1,OP0005,CP6
0.057460489840350494,model2,OP0005,CP6
0.12075362920045374,model1,OP0005,CP2
0.12070779601255612,model2,OP0005,CP2
0.10355885780428789,model1,OP0005,Cz
0.09176514017253451,model2,OP0005,Cz
0.05601277972197311,model1,OP0005,C4
0.04734151302999782,model2,OP0005,C4
0.07547562975489498,model1,OP0005,T8
0.11746910521656453,model2,OP0005,T8
0.1575592113172151,model1,OP0005,FT10
0.191799477732647,model2,OP0005,FT10
0.044069373979027035,model1,OP0005,FC6
0.07343915354253579,model2,OP0005,FC6
0.045776277059979595,model1,OP0005,FC2
0.026459194902313722,model2,OP0005,FC2
-0.0064664438040909185,model1,OP0005,F4
-0.010671347192511392,model2,OP0005,F4
0.1497162501134882,model1,OP0005,F8
0.20813508834144537,model2,OP0005,F8
0.01753064660080003,model1,OP0005,Fp2
0.031270994962585986,model2,OP0005,Fp2
0.037061388117633536,model1,OP0005,AF7
0.02344750238386336,model2,OP0005,AF7
0.009322504080287434,model1,OP0005,AF3
-0.0024687455361284538,model2,OP0005,AF3
0.015139034728840562,model1,OP0005,AFz
0.002466782535518278,model2,OP0005,AFz
0.020502998575352684,model1,OP0005,F1
-0.0008859900609533724,model2,OP0005,F1
0.023914915908417347,model1,OP0005,F5
0.02613175392089793,model2,OP0005,F5
0.038332174498304644,model1,OP0005,FC3
0.012619438965735365,model2,OP0005,FC3
0.06863860671874562,model1,OP0005,FCz
0.05191658242793966,model2,OP0005,FCz
0.09961179196758778,model1,OP0005,C1
0.08169620072174637,model2,OP0005,C1
0.04701883780851845,model1,OP0005,C5
0.04725611678661691,model2,OP0005,C5
0.028377020404287266,model1,OP0005,TP7
0.02667897146370863,model2,OP0005,TP7
0.11853901450496929,model1,OP0005,CP3
0.09882951960815729,model2,OP0005,CP3
0.16871656618956302,model1,OP0005,P1
0.18095422505523842,model2,OP0005,P1
0.13958440570163164,model1,OP0005,P5
0.1329078524686462,model2,OP0005,P5
0.15152007357449904,model1,OP0005,PO7
0.1629436013505022,model2,OP0005,PO7
0.17952680350518976,model1,OP0005,PO3
0.1883391346321927,model2,OP0005,PO3
0.18307237242786792,model1,OP0005,POz
0.20509906749566942,model2,OP0005,POz
0.17780677739705114,model1,OP0005,PO4
0.2221757010544389,model2,OP0005,PO4
0.1374255150458616,model1,OP0005,PO8
0.17671306830999553,model2,OP0005,PO8
0.14371733841323334,model1,OP0005,P6
0.16070300027448192,model2,OP0005,P6
0.16764572603033248,model1,OP0005,P2
0.1745730590057706,model2,OP0005,P2
0.14906692775718183,model1,OP0005,CPz
0.14484636110609117,model2,OP0005,CPz
0.09313506758600566,model1,OP0005,CP4
0.09077471599299561,model2,OP0005,CP4
0.033587280307779084,model1,OP0005,TP8
0.05273842520421744,model2,OP0005,TP8
0.034397798028410365,model1,OP0005,C6
0.0596589453337391,model2,OP0005,C6
0.0918312102309341,model1,OP0005,C2
0.08088421863212655,model2,OP0005,C2
0.017561675460716283,model1,OP0005,FC4
0.017066844016026258,model2,OP0005,FC4
0.07681211252478463,model1,OP0005,FT8
0.12266163588158893,model2,OP0005,FT8
0.018492474303263853,model1,OP0005,F6
0.033654227104039154,model2,OP0005,F6
0.014175452320890573,model1,OP0005,F2
-0.005306773384714021,model2,OP0005,F2
-0.0005472619166127544,model1,OP0005,AF4
0.0019120864456169517,model2,OP0005,AF4
0.06675232687164638,model1,OP0005,AF8
0.06524752533982439,model2,OP0005,AF8
0.07554656773751588,model1,OP0006,Fp1
0.09404317867110629,model2,OP0006,Fp1
0.08133209085933893,model1,OP0006,Fz
0.09410548614327109,model2,OP0006,Fz
0.07386174575326614,model1,OP0006,F3
0.08583941741826816,model2,OP0006,F3
0.045693084428592275,model1,OP0006,F7
0.06728310639696539,model2,OP0006,F7
0.0768261914062347,model1,OP0006,FT9
0.0993437513856413,model2,OP0006,FT9
0.02423983940785348,model1,OP0006,FC5
0.01784649843357021,model2,OP0006,FC5
0.013436034642474993,model1,OP0006,FC1
0.014658377084080881,model2,OP0006,FC1
0.041448462396165446,model1,OP0006,C3
0.04973195311248838,model2,OP0006,C3
0.05165696926602784,model1,OP0006,T7
0.06707214882941047,model2,OP0006,T7
0.13266216579811368,model1,OP0006,TP9
0.17262299702711167,model2,OP0006,TP9
0.02882394483780403,model1,OP0006,CP5
0.0290849097455365,model2,OP0006,CP5
0.043541792627982155,model1,OP0006,CP1
0.04504452292278179,model2,OP0006,CP1
0.013476658845524285,model1,OP0006,Pz
-0.0015996279115967637,model2,OP0006,Pz
0.02699377048553754,model1,OP0006,P3
0.012377000783956447,model2,OP0006,P3
0.03299367992312778,model1,OP0006,P7
0.03891103651566574,model2,OP0006,P7
0.035114266108297605,model1,OP0006,O1
0.014848788964481994,model2,OP0006,O1
0.03975806828651402,model1,OP0006,Oz
0.026070574084540783,model2,OP0006,Oz
0.0049957892363605705,model1,OP0006,O2
-0.02175979939044487,model2,OP0006,O2
0.009576918793853677,model1,OP0006,P4
-0.013210061096417588,model2,OP0006,P4
0.02224290172775158,model1,OP0006,P8
0.009211939058339088,model2,OP0006,P8
0.13247661763806803,model1,OP0006,TP10
0.1725049619577004,model2,OP0006,TP10
0.07186239993071689,model1,OP0006,CP6
0.0776922425620329,model2,OP0006,CP6
0.014278200779446344,model1,OP0006,CP2
0.0054132982997730115,model2,OP0006,CP2
0.026494578749964286,model1,OP0006,Cz
0.04469662956072664,model2,OP0006,Cz
0.12149556508289835,model1,OP0006,C4
0.1426250192317519,model2,OP0006,C4
0.14267443364423443,model1,OP0006,T8
0.1848879854798093,model2,OP0006,T8
0.12981960820544047,model1,OP0006,FT10
0.15606273037003157,model2,OP0006,FT10
0.07675259871782349,model1,OP0006,FC6
0.07410007232551846,model2,OP0006,FC6
0.04205295621732579,model1,OP0006,FC2
0.050954268375420074,model2,OP0006,FC2
0.0661763776146964,model1,OP0006,F4
0.07371524344649209,model2,OP0006,F4
0.00023095103865386257,model1,OP0006,F8
0.004930131280493332,model2,OP0006,F8
0.059367375360657886,model1,OP0006,Fp2
0.07616404137706193,model2,OP0006,Fp2
0.06465735845484144,model1,OP0006,AF7
0.08584016585782134,model2,OP0006,AF7
0.1907559388181807,model1,OP0006,AF3
0.2303620972440715,model2,OP0006,AF3
0.0717599606807835,model1,OP0006,AFz
0.07318488131462503,model2,OP0006,AFz
-0.005462402206176226,model1,OP0006,F1
-0.01956924381142081,model2,OP0006,F1
0.03637354193492071,model1,OP0006,F5
0.04255927815755306,model2,OP0006,F5
0.02610245870115789,model1,OP0006,FT7
0.039628352832139155,model2,OP0006,FT7
0.12501847647925388,model1,OP0006,FC3
0.16369433357466695,model2,OP0006,FC3
0.11158148012499222,model1,OP0006,FCz
0.15171089647745067,model2,OP0006,FCz
0.04451094409657424,model1,OP0006,C1
0.061344609035468595,model2,OP0006,C1
0.042204587556073085,model1,OP0006,C5
0.058220998668004724,model2,OP0006,C5
0.09815539991571773,model1,OP0006,TP7
0.12046625878743006,model2,OP0006,TP7
0.03798555571743907,model1,OP0006,CP3
0.04066141988883272,model2,OP0006,CP3
0.026368019590306758,model1,OP0006,P1
0.011848787026494442,model2,OP0006,P1
0.027815893074271434,model1,OP0006,P5
0.01460596943022636,model2,OP0006,P5
0.05202917277051834,model1,OP0006,PO7
0.03521852644637967,model2,OP0006,PO7
0.02156448082586917,model1,OP0006,PO3
-0.0016269795515928324,model2,OP0006,PO3
0.019749622835220578,model1,OP0006,POz
-0.0038293052282112865,model2,OP0006,POz
0.004451283345169879,model1,OP0006,PO4
-0.022498240944048963,model2,OP0006,PO4
-0.0013484954217325117,model1,OP0006,PO8
-0.024694397984867566,model2,OP0006,PO8
0.0024976762458268882,model1,OP0006,P6
-0.020657995069692823,model2,OP0006,P6
0.012936375516943679,model1,OP0006,P2
-0.005627595039422021,model2,OP0006,P2
0.009445666536569258,model1,OP0006,CPz
0.009295354466649482,model2,OP0006,CPz
0.057180872399108476,model1,OP0006,CP4
0.05973930888078671,model2,OP0006,CP4
0.07855686113572655,model1,OP0006,TP8
0.09166567703930581,model2,OP0006,TP8
0.12552795498813954,model1,OP0006,C6
0.12586337890731075,model2,OP0006,C6
0.0662496153692669,model1,OP0006,C2
0.07689466006984146,model2,OP0006,C2
0.07830602374527107,model1,OP0006,FC4
0.0885588534307392,model2,OP0006,FC4
0.09116014948194409,model1,OP0006,FT8
0.11100100191027297,model2,OP0006,FT8
0.010617256546469037,model1,OP0006,F6
0.009565959223329862,model2,OP0006,F6
0.024649880123051214,model1,OP0006,F2
0.033179423876157146,model2,OP0006,F2
0.15410560840200116,model1,OP0006,AF4
0.20519901463075502,model2,OP0006,AF4
0.031788995510882205,model1,OP0006,AF8
0.049617771602436224,model2,OP0006,AF8
0.13560638980992493,model1,OP0007,Fp1
0.14113127812171886,model2,OP0007,Fp1
0.19623451733296376,model1,OP0007,Fz
0.2768770025779441,model2,OP0007,Fz
0.09967774024828088,model1,OP0007,F3
0.13207543472218677,model2,OP0007,F3
0.24381365355266568,model1,OP0007,F7
0.3472816232904185,model2,OP0007,F7
0.0898704155854122,model1,OP0007,FC5
0.1399193844736921,model2,OP0007,FC5
0.17302830949350087,model1,OP0007,FC1
0.2370793396804596,model2,OP0007,FC1
0.13972267138729602,model1,OP0007,C3
0.18014283190817437,model2,OP0007,C3
0.1652956033111549,model1,OP0007,T7
0.2729869067874136,model2,OP0007,T7
0.21710947400511657,model1,OP0007,TP9
0.2908937495758903,model2,OP0007,TP9
0.11993928456969571,model1,OP0007,CP5
0.14815301535515343,model2,OP0007,CP5
0.17568546739922586,model1,OP0007,CP1
0.2417898628033857,model2,OP0007,CP1
0.1604407452192214,model1,OP0007,Pz
0.2134627020927328,model2,OP0007,Pz
0.1539875100234291,model1,OP0007,P3
0.18731738451640215,model2,OP0007,P3
0.1756269139014055,model1,OP0007,P7
0.21999459714769531,model2,OP0007,P7
0.20767232785086479,model1,OP0007,O1
0.2769634187571306,model2,OP0007,O1
0.2011089799934322,model1,OP0007,Oz
0.277964289765085,model2,OP0007,Oz
0.18695722640618584,model1,OP0007,O2
0.2633022357586608,model2,OP0007,O2
0.1616517977433791,model1,OP0007,P4
0.21691170795259787,model2,OP0007,P4
0.1684031229795465,model1,OP0007,P8
0.23144006421357155,model2,OP0007,P8
0.21674377055777566,model1,OP0007,TP10
0.2905708897101679,model2,OP0007,TP10
0.12311428467060648,model1,OP0007,CP6
0.1432538355437834,model2,OP0007,CP6
0.16302424913295452,model1,OP0007,CP2
0.2189514065897332,model2,OP0007,CP2
0.17019346537300536,model1,OP0007,Cz
0.23332388080929448,model2,OP0007,Cz
0.14418019036751786,model1,OP0007,C4
0.18218615683589165,model2,OP0007,C4
0.20110056601816378,model1,OP0007,T8
0.2500191973251141,model2,OP0007,T8
0.2540780376089638,model1,OP0007,FT10
0.3553296062854678,model2,OP0007,FT10
0.2013735384334545,model1,OP0007,FC6
0.2538423774381661,model2,OP0007,FC6
0.18598087187708598,model1,OP0007,FC2
0.24997398773688767,model2,OP0007,FC2
0.12551391510069765,model1,OP0007,F4
0.14253331681438206,model2,OP0007,F4
0.20991839228112147,model1,OP0007,F8
0.2798327785652137,model2,OP0007,F8
0.13181256600797636,model1,OP0007,Fp2
0.15750172702604875,model2,OP0007,Fp2
0.24322475732718885,model1,OP0007,AF7
0.3478100017945695,model2,OP0007,AF7
0.03054737846577705,model1,OP0007,AF3
0.03168800631090343,model2,OP0007,AF3
0.0900981357197925,model1,OP0007,AFz
0.1039091454916368,model2,OP0007,AFz
0.16960914638661725,model1,OP0007,F1
0.20429203833922546,model2,OP0007,F1
0.24316569031067178,model1,OP0007,F5
0.3471733036970426,model2,OP0007,F5
0.20587755577186656,model1,OP0007,FT7
0.3044876158909444,model2,OP0007,FT7
0.08937983386914759,model1,OP0007,FC3
0.13819376069136552,model2,OP0007,FC3
0.18249232556452716,model1,OP0007,FCz
0.23289325990361825,model2,OP0007,FCz
0.16761846084301174,model1,OP0007,C1
0.22577177348319416,model2,OP0007,C1
0.10304631345156644,model1,OP0007,C5
0.16644915540662128,model2,OP0007,C5
0.046795607768513325,model1,OP0007,TP7
0.06300314071584168,model2,OP0007,TP7
0.1548826728345185,model1,OP0007,CP3
0.18956334208622796,model2,OP0007,CP3
0.17020657990555066,model1,OP0007,P1
0.21330727439584257,model2,OP0007,P1
0.15407820990552235,model1,OP0007,P5
0.18772980599817812,model2,OP0007,P5
0.19409906649614306,model1,OP0007,PO7
0.24186112073892466,model2,OP0007,PO7
0.16861468855443937,model1,OP0007,PO3
0.21196838250405897,model2,OP0007,PO3
0.1707884512906159,model1,OP0007,POz
0.22510127249782969,model2,OP0007,POz
0.16927055968859064,model1,OP0007,PO4
0.22670690619969022,model2,OP0007,PO4
0.1853164953432353,model1,OP0007,PO8
0.25055244367692386,model2,OP0007,PO8
0.16047175698208882,model1,OP0007,P6
0.21762588165328126,model2,OP0007,P6
0.1605198890375692,model1,OP0007,P2
0.21588030283659174,model2,OP0007,P2
0.175351563466635,model1,OP0007,CPz
0.22451363824328008,model2,OP0007,CPz
0.15032657071951191,model1,OP0007,CP4
0.20352309776155036,model2,OP0007,CP4
0.16654226396931224,model1,OP0007,TP8
0.18767884357393974,model2,OP0007,TP8
0.18643211302360474,model1,OP0007,C6
0.21081481312766936,model2,OP0007,C6
0.1666477473996385,model1,OP0007,C2
0.218570780762506,model2,OP0007,C2
0.13622907055024006,model1,OP0007,FC4
0.1701618023910767,model2,OP0007,FC4
0.2369104687932813,model1,OP0007,FT8
0.3058481984179715,model2,OP0007,FT8
0.15306866187884072,model1,OP0007,F6
0.23306877473774096,model2,OP0007,F6
0.19782473068736423,model1,OP0007,F2
0.25657843931787067,model2,OP0007,F2
0.1779103518591602,model1,OP0007,AF4
0.21410388491412727,model2,OP0007,AF4
0.17174005229238234,model1,OP0007,AF8
0.207872625132493,model2,OP0007,AF8
0.06906237562026986,model1,OP0008,Fp1
0.07322842498466463,model2,OP0008,Fp1
0.07238715083715368,model1,OP0008,Fz
0.060571899956615036,model2,OP0008,Fz
0.08798705119573932,model1,OP0008,F3
0.08602612594014672,model2,OP0008,F3
0.08677634254344133,model1,OP0008,F7
0.11272195099935337,model2,OP0008,F7
0.16063935986457692,model1,OP0008,FT9
0.19242856065475503,model2,OP0008,FT9
0.1313699799931398,model1,OP0008,FC5
0.16292287153888932,model2,OP0008,FC5
0.0783912814936751,model1,OP0008,FC1
0.07461093706889702,model2,OP0008,FC1
0.09785624751775049,model1,OP0008,C3
0.10077842730438742,model2,OP0008,C3
0.11635831194601308,model1,OP0008,T7
0.12966597052890494,model2,OP0008,T7
0.05900626786779368,model1,OP0008,TP9
0.08034260602670452,model2,OP0008,TP9
0.09953766972090289,model1,OP0008,CP5
0.1069774524955358,model2,OP0008,CP5
0.048612486843464246,model1,OP0008,CP1
0.05687501523170095,model2,OP0008,CP1
0.0543623987065977,model1,OP0008,Pz
0.06286952054078732,model2,OP0008,Pz
0.06905427150896304,model1,OP0008,P3
0.05983548228638283,model2,OP0008,P3
0.041581998447095966,model1,OP0008,P7
0.0566616209587227,model2,OP0008,P7
0.04175259586180824,model1,OP0008,O1
0.05679218976703647,model2,OP0008,O1
0.04177334141541067,model1,OP0008,Oz
0.0635203357759807,model2,OP0008,Oz
0.03431806813199691,model1,OP0008,O2
0.058885047911738736,model2,OP0008,O2
0.041236390464962566,model1,OP0008,P4
0.06576374988079392,model2,OP0008,P4
0.02890558765124442,model1,OP0008,P8
0.06483828995454612,model2,OP0008,P8
0.060968425617963756,model1,OP0008,TP10
0.08205072549244177,model2,OP0008,TP10
0.10096278665206333,model1,OP0008,CP6
0.11728551000719659,model2,OP0008,CP6
0.05596757820701625,model1,OP0008,CP2
0.0705916313533904,model2,OP0008,CP2
0.06006882612868094,model1,OP0008,Cz
0.055937012158422714,model2,OP0008,Cz
0.09059586669787913,model1,OP0008,C4
0.09575606025639558,model2,OP0008,C4
0.16186346481075137,model1,OP0008,T8
0.16980804699260163,model2,OP0008,T8
0.1763449923960913,model1,OP0008,FT10
0.1970594128233963,model2,OP0008,FT10
0.1326861416398032,model1,OP0008,FC6
0.1400535074730804,model2,OP0008,FC6
0.08562205184134108,model1,OP0008,FC2
0.07745337458902882,model2,OP0008,FC2
0.09817901299956183,model1,OP0008,F4
0.08749447784791516,model2,OP0008,F4
0.14169160899458813,model1,OP0008,F8
0.1539865285073241,model2,OP0008,F8
0.08354418504753638,model1,OP0008,Fp2
0.07148332859494913,model2,OP0008,Fp2
0.023955202400101596,model1,OP0008,AF7
0.010489023365359569,model2,OP0008,AF7
0.08363830864061945,model1,OP0008,AF3
0.07634501500372562,model2,OP0008,AF3
0.08640830657495104,model1,OP0008,AFz
0.07141908836595534,model2,OP0008,AFz
0.07908500809030712,model1,OP0008,F1
0.06967039709576656,model2,OP0008,F1
0.10405481477596953,model1,OP0008,F5
0.10856599051881743,model2,OP0008,F5
0.13636116576713406,model1,OP0008,FT7
0.16241938173658513,model2,OP0008,FT7
0.11380013925341262,model1,OP0008,FC3
0.12100111946773531,model2,OP0008,FC3
0.08008888529793531,model1,OP0008,FCz
0.07513599762870489,model2,OP0008,FCz
0.06263537848229056,model1,OP0008,C1
0.062185326454128324,model2,OP0008,C1
0.12593842517509107,model1,OP0008,C5
0.1447786578489376,model2,OP0008,C5
0.10776727030244738,model1,OP0008,TP7
0.1057715819663629,model2,OP0008,TP7
0.07834115063475572,model1,OP0008,CP3
0.07599833900928278,model2,OP0008,CP3
0.0701499316391278,model1,OP0008,P1
0.07277649221767547,model2,OP0008,P1
0.05827707960019603,model1,OP0008,P5
0.058471687399608924,model2,OP0008,P5
0.04165019460531315,model1,OP0008,PO7
0.05671794014844109,model2,OP0008,PO7
0.05293185803149664,model1,OP0008,PO3
0.05687677019634304,model2,OP0008,PO3
0.060418198125609376,model1,OP0008,POz
0.06909357566737358,model2,OP0008,POz
0.036415491279820515,model1,OP0008,PO4
0.05947941428077078,model2,OP0008,PO4
0.03212507721319534,model1,OP0008,PO8
0.06786040904623651,model2,OP0008,PO8
0.035565817951597224,model1,OP0008,P6
0.0710428583387877,model2,OP0008,P6
0.05364924917987674,model1,OP0008,P2
0.06825994008671867,model2,OP0008,P2
0.057133330775078144,model1,OP0008,CPz
0.06698020373096801,model2,OP0008,CPz
0.05665008893560682,model1,OP0008,CP4
0.07133307058468254,model2,OP0008,CP4
0.050612331121667346,model1,OP0008,TP8
0.06916285745498683,model2,OP0008,TP8
0.12087067560723878,model1,OP0008,C6
0.13105894742324017,model2,OP0008,C6
0.05249072525946312,model1,OP0008,C2
0.05274145325819505,model2,OP0008,C2
0.10657652846363762,model1,OP0008,FC4
0.10090553333438187,model2,OP0008,FC4
0.1659856071963202,model1,OP0008,FT8
0.1654339271975566,model2,OP0008,FT8
0.11638094027583651,model1,OP0008,F6
0.12843769547109538,model2,OP0008,F6
0.08432073310791953,model1,OP0008,F2
0.06825009076422693,model2,OP0008,F2
0.08164656869045775,model1,OP0008,AF4
0.07518205688048017,model2,OP0008,AF4
0.027017020585599957,model1,OP0008,AF8
0.04231410502930347,model2,OP0008,AF8
0.23213868159773723,model1,OP0009,Fp1
0.27168391727758207,model2,OP0009,Fp1
0.1703155061201011,model1,OP0009,Fz
0.19516019439223892,model2,OP0009,Fz
0.18058564332493746,model1,OP0009,F3
0.20697821747440384,model2,OP0009,F3
0.29832529685682957,model1,OP0009,F7
0.36533541717751594,model2,OP0009,F7
0.3396833678679096,model1,OP0009,FT9
0.38367056996432936,model2,OP0009,FT9
0.22101128637002712,model1,OP0009,FC5
0.26960739680152673,model2,OP0009,FC5
0.16425111637545814,model1,OP0009,FC1
0.195791158090429,model2,OP0009,FC1
0.16815876778706434,model1,OP0009,C3
0.21333883927375868,model2,OP0009,C3
0.2640030998739844,model1,OP0009,T7
0.3406704047964269,model2,OP0009,T7
0.14131359476471608,model1,OP0009,TP9
0.15089363479802193,model2,OP0009,TP9
0.18080378491012322,model1,OP0009,CP5
0.23080845831343952,model2,OP0009,CP5
0.1223536722389925,model1,OP0009,CP1
0.1540351824574467,model2,OP0009,CP1
0.09206773974654966,model1,OP0009,Pz
0.1159588783019399,model2,OP0009,Pz
0.1614851641480587,model1,OP0009,P3
0.20890864485613914,model2,OP0009,P3
0.12835807760687337,model1,OP0009,P7
0.1585977067260075,model2,OP0009,P7
0.2249104755038252,model1,OP0009,O1
0.24998906552314726,model2,OP0009,O1
0.2248957500796471,model1,OP0009,Oz
0.24918947580528578,model2,OP0009,Oz
0.2313236004261022,model1,OP0009,O2
0.23613535017410262,model2,OP0009,O2
0.09045402883163389,model1,OP0009,P4
0.13662117365622958,model2,OP0009,P4
0.11482647887172592,model1,OP0009,P8
0.15646713245872698,model2,OP0009,P8
0.14135365842896605,model1,OP0009,TP10
0.15090552915340824,model2,OP0009,TP10
0.10502922879448291,model1,OP0009,CP6
0.15881776480154658,model2,OP0009,CP6
0.09538178585529557,model1,OP0009,CP2
0.12309540717381667,model2,OP0009,CP2
0.124818688662672,model1,OP0009,Cz
0.1462457950474467,model2,OP0009,Cz
0.14263882394122993,model1,OP0009,C4
0.17372454568243761,model2,OP0009,C4
0.19064892626473182,model1,OP0009,T8
0.22132955918416128,model2,OP0009,T8
0.33407035234369964,model1,OP0009,FT10
0.3689838833541022,model2,OP0009,FT10
0.20710940446881057,model1,OP0009,FC6
0.2378970039667233,model2,OP0009,FC6
0.14230109399228255,model1,OP0009,FC2
0.15848053893447914,model2,OP0009,FC2
0.1815247754863019,model1,OP0009,F4
0.20934570247319334,model2,OP0009,F4
0.25029138365089015,model1,OP0009,F8
0.2819774267415237,model2,OP0009,F8
0.23508795887038786,model1,OP0009,Fp2
0.2755261958852731,model2,OP0009,Fp2
0.2376872093340545,model1,OP0009,AF7
0.2706884326305092,model2,OP0009,AF7
0.20995254452604373,model1,OP0009,AF3
0.24377524985366805,model2,OP0009,AF3
0.19492901348790675,model1,OP0009,AFz
0.22192129430201002,model2,OP0009,AFz
0.18055056995989788,model1,OP0009,F1
0.20693804998731555,model2,OP0009,F1
0.22810206421434004,model1,OP0009,F5
0.2725341374372614,model2,OP0009,F5
0.2810359019545405,model1,OP0009,FT7
0.3201068502830466,model2,OP0009,FT7
0.18406803509571315,model1,OP0009,FC3
0.22336645218809326,model2,OP0009,FC3
0.1739285767680807,model1,OP0009,FCz
0.20933746998532107,model2,OP0009,FCz
0.142546988617281,model1,OP0009,C1
0.17542201908332586,model2,OP0009,C1
0.1999560401925404,model1,OP0009,C5
0.24753497570887373,model2,OP0009,C5
0.19960871941619374,model1,OP0009,TP7
0.25170849797829387,model2,OP0009,TP7
0.14953284909727438,model1,OP0009,CP3
0.19315232048980654,model2,OP0009,CP3
0.11462867086313845,model1,OP0009,P1
0.14647190675685118,model2,OP0009,P1
0.1453432386026391,model1,OP0009,P5
0.1866957413091694,model2,OP0009,P5
0.14992106668124192,model1,OP0009,PO7
0.17771633023654082,model2,OP0009,PO7
0.11494195670444472,model1,OP0009,PO3
0.14399640247318515,model2,OP0009,PO3
0.1009285930263317,model1,OP0009,POz
0.11934935857308676,model2,OP0009,POz
0.07220348642947434,model1,OP0009,PO4
0.10290380778515168,model2,OP0009,PO4
0.11223600774423967,model1,OP0009,PO8
0.14869344618691208,model2,OP0009,PO8
0.07903916191059727,model1,OP0009,P6
0.1281370293344855,model2,OP0009,P6
0.0625084393872421,model1,OP0009,P2
0.07048491942488279,model2,OP0009,P2
0.11122940742212983,model1,OP0009,CPz
0.1386413202968309,model2,OP0009,CPz
0.10102592503434099,model1,OP0009,CP4
0.13230304166471799,model2,OP0009,CP4
0.1176339304589336,model1,OP0009,TP8
0.18691847378450915,model2,OP0009,TP8
0.13528178600436788,model1,OP0009,C6
0.15567013624483428,model2,OP0009,C6
0.12188631440694306,model1,OP0009,C2
0.13205373577497723,model2,OP0009,C2
0.1794192440369829,model1,OP0009,FC4
0.2085028141285632,model2,OP0009,FC4
0.22065743110955188,model1,OP0009,FT8
0.24611196441496092,model2,OP0009,FT8
0.19659123597278125,model1,OP0009,F6
0.22093088803010877,model2,OP0009,F6
0.1298755351487536,model1,OP0009,F2
0.13760682611906708,model2,OP0009,F2
0.2015520286871134,model1,OP0009,AF4
0.22888549747074202,model2,OP0009,AF4
0.21597217981234748,model1,OP0009,AF8
0.24637241139042287,model2,OP0009,AF8
0.4031013500346898,model1,OP0010,Fp1
0.40549554605655236,model2,OP0010,Fp1
0.3126902620768271,model1,OP0010,Fz
0.310185860219891,model2,OP0010,Fz
0.3573473833835183,model1,OP0010,F3
0.359717268901023,model2,OP0010,F3
0.4024433891130493,model1,OP0010,F7
0.40866810366044076,model2,OP0010,F7
0.20778823702691568,model1,OP0010,FT9
0.24167455596340773,model2,OP0010,FT9
0.4102317270029529,model1,OP0010,FC5
0.4238149688865698,model2,OP0010,FC5
0.32491206979253084,model1,OP0010,FC1
0.31919043898969646,model2,OP0010,FC1
0.33446711247832367,model1,OP0010,C3
0.3341440196638278,model2,OP0010,C3
0.4439740940644469,model1,OP0010,T7
0.45957491617479745,model2,OP0010,T7
0.22399280294466295,model1,OP0010,TP9
0.3082404331670913,model2,OP0010,TP9
0.3719095638103193,model1,OP0010,CP5
0.3694181304883574,model2,OP0010,CP5
0.3187429344552668,model1,OP0010,CP1
0.3211195180800335,model2,OP0010,CP1
0.33003387575384996,model1,OP0010,Pz
0.3310117396010648,model2,OP0010,Pz
0.295435811975655,model1,OP0010,P3
0.29590753694013716,model2,OP0010,P3
0.24523769827035435,model1,OP0010,P7
0.2761136872181158,model2,OP0010,P7
0.13618650287538323,model1,OP0010,O1
0.1753866906838208,model2,OP0010,O1
0.1612982066364734,model1,OP0010,Oz
0.1981621178927773,model2,OP0010,Oz
0.13872486266338194,model1,OP0010,O2
0.1793004951987588,model2,OP0010,O2
0.2841185173444224,model1,OP0010,P4
0.29579292234765836,model2,OP0010,P4
0.2513178609995381,model1,OP0010,P8
0.2662423385309115,model2,OP0010,P8
0.22057820201816303,model1,OP0010,TP10
0.30580011565559007,model2,OP0010,TP10
0.32890657312355454,model1,OP0010,CP6
0.3469281178084537,model2,OP0010,CP6
0.3455608859389917,model1,OP0010,CP2
0.35825963474476735,model2,OP0010,CP2
0.3517531341168666,model1,OP0010,Cz
0.3605115515620593,model2,OP0010,Cz
0.3425498379031843,model1,OP0010,C4
0.35010937365161954,model2,OP0010,C4
0.3973625013063382,model1,OP0010,T8
0.39779798266452293,model2,OP0010,T8
0.47415650422769634,model1,OP0010,FT10
0.4937669549063744,model2,OP0010,FT10
0.34825129759849205,model1,OP0010,FC6
0.3473234353032651,model2,OP0010,FC6
0.3236942325583917,model1,OP0010,FC2
0.3246517071265009,model2,OP0010,FC2
0.31681186704323716,model1,OP0010,F4
0.31374269634485186,model2,OP0010,F4
0.36780443408211444,model1,OP0010,F8
0.36831766248502806,model2,OP0010,F8
0.1909712898381623,model1,OP0010,Fp2
0.19509661141792445,model2,OP0010,Fp2
0.31699497077580774,model1,OP0010,AF7
0.317154922655772,model2,OP0010,AF7
0.33450810157662486,model1,OP0010,AF3
0.3318174257344922,model2,OP0010,AF3
0.32124920359519316,model1,OP0010,AFz
0.31825106894119215,model2,OP0010,AFz
0.31207464324306533,model1,OP0010,F1
0.31097836322983735,model2,OP0010,F1
0.3746632909588115,model1,OP0010,F5
0.37286479171859227,model2,OP0010,F5
0.4216165324540902,model1,OP0010,FT7
0.42105057434119236,model2,OP0010,FT7
0.34811022715540446,model1,OP0010,FC3
0.3443679598570188,model2,OP0010,FC3
0.33742240800147316,model1,OP0010,FCz
0.3404162306294787,model2,OP0010,FCz
0.23061395484029573,model1,OP0010,C1
0.27678336090640765,model2,OP0010,C1
0.39821758702030446,model1,OP0010,C5
0.39060036002074255,model2,OP0010,C5
0.3437934062251756,model1,OP0010,TP7
0.3584421736765977,model2,OP0010,TP7
0.3682365254142498,model1,OP0010,CP3
0.3695644528669464,model2,OP0010,CP3
0.23590061456930084,model1,OP0010,P1
0.28820254089423697,model2,OP0010,P1
0.3098474103473118,model1,OP0010,P5
0.3197164234157384,model2,OP0010,P5
0.25235796040346953,model1,OP0010,PO3
0.2524767457140178,model2,OP0010,PO3
0.2698654689659709,model1,OP0010,POz
0.27725133883233344,model2,OP0010,POz
0.248398077403589,model1,OP0010,PO4
0.2604578708446302,model2,OP0010,PO4
0.19198506490893505,model1,OP0010,PO8
0.20786870962611972,model2,OP0010,PO8
0.25186320130153184,model1,OP0010,P6
0.2770585666730863,model2,OP0010,P6
0.2838722658950104,model1,OP0010,P2
0.29571028963768703,model2,OP0010,P2
0.34874387155796754,model1,OP0010,CPz
0.3586461829638616,model2,OP0010,CPz
0.3243520321332135,model1,OP0010,CP4
0.33660311814252397,model2,OP0010,CP4
0.31124135147764337,model1,OP0010,TP8
0.32720875076179146,model2,OP0010,TP8
0.36562826971811657,model1,OP0010,C6
0.36553928407676073,model2,OP0010,C6
0.33544522351963707,model1,OP0010,C2
0.3416438440118253,model2,OP0010,C2
0.3108519362142981,model1,OP0010,FC4
0.31384814728358357,model2,OP0010,FC4
0.39863912740722257,model1,OP0010,FT8
0.40385282798043065,model2,OP0010,FT8
0.3172389685360678,model1,OP0010,F6
0.31500327881595336,model2,OP0010,F6
0.32022038172349154,model1,OP0010,F2
0.3207835783135181,model2,OP0010,F2
0.31164994597399714,model1,OP0010,AF4
0.3116673160108614,model2,OP0010,AF4
0.20489486252992886,model1,OP0010,AF8
0.21412853714735883,model2,OP0010,AF8
0.05242747916026908,model1,OP0011,Fp1
0.06439214365251512,model2,OP0011,Fp1
0.13795666843269141,model1,OP0011,Fz
0.13960845623134688,model2,OP0011,Fz
0.0720054605169043,model1,OP0011,F3
0.07158434318028017,model2,OP0011,F3
0.1344498410590612,model1,OP0011,F7
0.15237323543117237,model2,OP0011,F7
0.18412434272674116,model1,OP0011,FT9
0.24158243266234242,model2,OP0011,FT9
0.13325058551637392,model1,OP0011,FC5
0.1517744998558344,model2,OP0011,FC5
0.0862198751553082,model1,OP0011,FC1
0.08402717381502903,model2,OP0011,FC1
0.10687287817279525,model1,OP0011,C3
0.1165486216168247,model2,OP0011,C3
0.0880824893803069,model1,OP0011,T7
0.0838004669133563,model2,OP0011,T7
0.206078136588998,model1,OP0011,TP9
0.23668237996755898,model2,OP0011,TP9
0.0621946142869382,model1,OP0011,CP5
0.06432785540621384,model2,OP0011,CP5
0.07352599954380509,model1,OP0011,CP1
0.08382505599862261,model2,OP0011,CP1
0.05111704153947453,model1,OP0011,Pz
0.054801103973981434,model2,OP0011,Pz
0.06986640768880417,model1,OP0011,P3
0.07423004175132976,model2,OP0011,P3
0.12295224636986879,model1,OP0011,P7
0.1042428825614114,model2,OP0011,P7
0.06673895489561736,model1,OP0011,O1
0.0806769640067951,model2,OP0011,O1
0.15642658520345812,model1,OP0011,Oz
0.17882199369477159,model2,OP0011,Oz
0.08004686247703426,model1,OP0011,O2
0.0903605241966016,model2,OP0011,O2
0.08614079229497129,model1,OP0011,P4
0.10032995159965175,model2,OP0011,P4
0.11191150306453192,model1,OP0011,P8
0.1444473707824142,model2,OP0011,P8
0.20712541642009816,model1,OP0011,TP10
0.23745955817520262,model2,OP0011,TP10
0.04312994300989083,model1,OP0011,CP6
0.06980536889293378,model2,OP0011,CP6
0.09491301035375077,model1,OP0011,CP2
0.10475153322279568,model2,OP0011,CP2
0.07552480798328937,model1,OP0011,Cz
0.08112551426468281,model2,OP0011,Cz
0.10246402447399729,model1,OP0011,C4
0.11172403043046737,model2,OP0011,C4
0.054606337539084795,model1,OP0011,T8
0.04578107201409711,model2,OP0011,T8
0.2580971652525463,model1,OP0011,FT10
0.3241189384439533,model2,OP0011,FT10
0.11707836939208292,model1,OP0011,FC6
0.10761119247631483,model2,OP0011,FC6
0.07643153843009563,model1,OP0011,FC2
0.07916465089532726,model2,OP0011,FC2
0.09322628864490781,model1,OP0011,F4
0.08344111197105379,model2,OP0011,F4
0.17476526236428386,model1,OP0011,F8
0.22563980126881272,model2,OP0011,F8
0.050797203429041045,model1,OP0011,Fp2
0.05171757139632274,model2,OP0011,Fp2
0.09351546092169537,model1,OP0011,AF7
0.08986873093232006,model2,OP0011,AF7
0.18384026493822173,model1,OP0011,AF3
0.1984828902382493,model2,OP0011,AF3
0.06185219880583593,model1,OP0011,AFz
0.05206825680716913,model2,OP0011,AFz
0.13728720386580226,model1,OP0011,F1
0.13872652729080956,model2,OP0011,F1
0.08691802615110007,model1,OP0011,F5
0.08785062231411478,model2,OP0011,F5
0.13555465395937746,model1,OP0011,FT7
0.15398793863550198,model2,OP0011,FT7
0.06600197308374553,model1,OP0011,FC3
0.0659840692452431,model2,OP0011,FC3
0.08878280481044794,model1,OP0011,FCz
0.08686736535750753,model2,OP0011,FCz
0.09523868190779762,model1,OP0011,C1
0.09746589681030285,model2,OP0011,C1
0.08379483282237295,model1,OP0011,C5
0.0838710887428194,model2,OP0011,C5
0.08715032082994945,model1,OP0011,TP7
0.0723862967328089,model2,OP0011,TP7
0.08695871434194734,model1,OP0011,CP3
0.09097643737479952,model2,OP0011,CP3
0.06572476059511032,model1,OP0011,P1
0.07959263456522483,model2,OP0011,P1
0.09174058041169932,model1,OP0011,P5
0.09589679040869091,model2,OP0011,P5
0.14381899189911437,model1,OP0011,PO7
0.14303413727834136,model2,OP0011,PO7
0.06650644642999558,model1,OP0011,PO3
0.08046640312249263,model2,OP0011,PO3
0.05579608812370329,model1,OP0011,POz
0.06165207319489912,model2,OP0011,POz
0.07787270364632515,model1,OP0011,PO4
0.08797069983664292,model2,OP0011,PO4
0.13695757177177348,model1,OP0011,PO8
0.16040916592372748,model2,OP0011,PO8
0.07469523008558013,model1,OP0011,P6
0.09122597029051162,model2,OP0011,P6
0.06723890600312411,model1,OP0011,P2
0.07746064303538436,model2,OP0011,P2
0.07810401639436826,model1,OP0011,CPz
0.084521895104077,model2,OP0011,CPz
0.05962796048187597,model1,OP0011,CP4
0.07050557365247964,model2,OP0011,CP4
0.08070568255454126,model1,OP0011,TP8
0.0753962531766754,model2,OP0011,TP8
0.07201686967436978,model1,OP0011,C6
0.0714281238235011,model2,OP0011,C6
0.06921221019872462,model1,OP0011,C2
0.07123980794250392,model2,OP0011,C2
0.15126625041626268,model1,OP0011,FC4
0.2134352020902782,model2,OP0011,FC4
0.12814072379473979,model1,OP0011,FT8
0.1625421508879771,model2,OP0011,FT8
0.1421229975398008,model1,OP0011,F6
0.12665434147885704,model2,OP0011,F6
0.10622943672040931,model1,OP0011,F2
0.11447283350815753,model2,OP0011,F2
0.04356382599752491,model1,OP0011,AF4
0.03428915962365394,model2,OP0011,AF4
0.10113039986657431,model1,OP0011,AF8
0.12340182936998656,model2,OP0011,AF8
0.1003515518140193,model1,OP0012,Fp1
0.10776844144806678,model2,OP0012,Fp1
0.05367279593143921,model1,OP0012,Fz
0.059291381086689895,model2,OP0012,Fz
0.05793152406152956,model1,OP0012,F3
0.06747163075111441,model2,OP0012,F3
0.14302933284188393,model1,OP0012,F7
0.1444146210304305,model2,OP0012,F7
0.1785551847791362,model1,OP0012,FT9
0.17896520414665157,model2,OP0012,FT9
0.10737335471899816,model1,OP0012,FC5
0.12313525377174217,model2,OP0012,FC5
0.06668383280428244,model1,OP0012,FC1
0.08266448289924222,model2,OP0012,FC1
0.11070776795956142,model1,OP0012,C3
0.1708131373262629,model2,OP0012,C3
0.10144773398571613,model1,OP0012,T7
0.12312474545710297,model2,OP0012,T7
0.08535084157325011,model1,OP0012,TP9
0.11933130964678197,model2,OP0012,TP9
0.08267729905595247,model1,OP0012,CP5
0.1324863151046181,model2,OP0012,CP5
0.09685263079352778,model1,OP0012,CP1
0.1301374922079917,model2,OP0012,CP1
0.057434130303121375,model1,OP0012,Pz
0.10835968191334251,model2,OP0012,Pz
0.06915547472814736,model1,OP0012,P3
0.10711602749239219,model2,OP0012,P3
0.10650954993064299,model1,OP0012,P7
0.1373527864767988,model2,OP0012,P7
0.0934958001200454,model1,OP0012,O1
0.11584264151959918,model2,OP0012,O1
0.09393958714386645,model1,OP0012,Oz
0.11468801044407749,model2,OP0012,Oz
0.08822988688216594,model1,OP0012,O2
0.10459816281556905,model2,OP0012,O2
0.0710282600319106,model1,OP0012,P4
0.089513511235904,model2,OP0012,P4
0.08227311213130917,model1,OP0012,P8
0.09887362750102517,model2,OP0012,P8
0.08582719227697339,model1,OP0012,TP10
0.11981251178101682,model2,OP0012,TP10
0.05077404484695772,model1,OP0012,CP6
0.06705212445807453,model2,OP0012,CP6
0.074757820315098,model1,OP0012,CP2
0.10164172626767397,model2,OP0012,CP2
0.10800134504866532,model1,OP0012,Cz
0.13518565628940674,model2,OP0012,Cz
0.0896410799021376,model1,OP0012,C4
0.10329678220468154,model2,OP0012,C4
0.02460063976792267,model1,OP0012,T8
0.017681171086815235,model2,OP0012,T8
0.011826439642761685,model1,OP0012,FT10
0.012768239338352019,model2,OP0012,FT10
0.08336876106981363,model1,OP0012,FC6
0.0931312144772856,model2,OP0012,FC6
0.07108149937831731,model1,OP0012,FC2
0.07296971619419429,model2,OP0012,FC2
0.04554639960426273,model1,OP0012,F4
0.055294847100556946,model2,OP0012,F4
0.12806095084281732,model1,OP0012,F8
0.1312928814253061,model2,OP0012,F8
0.08520406406721324,model1,OP0012,Fp2
0.09382583211943539,model2,OP0012,Fp2
0.1073023107880722,model1,OP0012,AF7
0.12167544590524484,model2,OP0012,AF7
0.09840762317081458,model1,OP0012,AF3
0.10781358330707899,model2,OP0012,AF3
0.05916666155028648,model1,OP0012,AFz
0.07540850714085644,model2,OP0012,AFz
0.06675611039641635,model1,OP0012,F1
0.08794930749166296,model2,OP0012,F1
0.07715589393030835,model1,OP0012,F5
0.09215618940837679,model2,OP0012,F5
0.07760672806302892,model1,OP0012,FT7
0.10372222374511884,model2,OP0012,FT7
0.07292075528717913,model1,OP0012,FC3
0.08824650521591845,model2,OP0012,FC3
0.07472250607071633,model1,OP0012,FCz
0.09175954779846514,model2,OP0012,FCz
0.11371349605942392,model1,OP0012,C1
0.1577422297631241,model2,OP0012,C1
0.15545332788960178,model1,OP0012,C5
0.2017030872707892,model2,OP0012,C5
0.1001173502589689,model1,OP0012,TP7
0.1658518851447415,model2,OP0012,TP7
0.06773889275358072,model1,OP0012,CP3
0.12673290458737746,model2,OP0012,CP3
0.06941724562377191,model1,OP0012,P1
0.10679036653530895,model2,OP0012,P1
0.07692967590218414,model1,OP0012,P5
0.10454628477590304,model2,OP0012,P5
0.09676613700420904,model1,OP0012,PO7
0.1274987903355174,model2,OP0012,PO7
0.06611766894081711,model1,OP0012,PO3
0.09695864097880037,model2,OP0012,PO3
0.08225160483084598,model1,OP0012,POz
0.10156982844563123,model2,OP0012,POz
0.06685428415674084,model1,OP0012,PO4
0.08265303262066388,model2,OP0012,PO4
0.08082965779413435,model1,OP0012,PO8
0.09313873343914306,model2,OP0012,PO8
0.08202407462194354,model1,OP0012,P6
0.09855012096997905,model2,OP0012,P6
0.0813920806021572,model1,OP0012,P2
0.08305159901799022,model2,OP0012,P2
0.08806029993431502,model1,OP0012,CPz
0.11492405804296459,model2,OP0012,CPz
0.07532259950605372,model1,OP0012,CP4
0.09729371226499167,model2,OP0012,CP4
0.05615171253981065,model1,OP0012,TP8
0.07723810147336153,model2,OP0012,TP8
0.11345628262461166,model1,OP0012,C6
0.1261905318650163,model2,OP0012,C6
0.10061340201430861,model1,OP0012,C2
0.1294952193458218,model2,OP0012,C2
0.06367777842419983,model1,OP0012,FC4
0.07819539068742165,model2,OP0012,FC4
0.08344364157634954,model1,OP0012,FT8
0.09905929963765497,model2,OP0012,FT8
0.04724024148069592,model1,OP0012,F6
0.05322116866100368,model2,OP0012,F6
0.04323502900804742,model1,OP0012,F2
0.04711400477664186,model2,OP0012,F2
0.0420947723260492,model1,OP0012,AF4
0.053279834662119344,model2,OP0012,AF4
0.07772289847790918,model1,OP0012,AF8
0.07908438487223637,model2,OP0012,AF8
0.17855461985782053,model1,OP0013,Fp1
0.20592244750971128,model2,OP0013,Fp1
0.0852640186321439,model1,OP0013,Fz
0.09033825943901473,model2,OP0013,Fz
0.08191710964641588,model1,OP0013,F3
0.090371787623467,model2,OP0013,F3
0.07995960011510553,model1,OP0013,F7
0.10600368022806265,model2,OP0013,F7
0.24112477960833467,model1,OP0013,FT9
0.32606896167833865,model2,OP0013,FT9
0.18098928584917393,model1,OP0013,FC5
0.23883264256095404,model2,OP0013,FC5
0.10723209175033505,model1,OP0013,FC1
0.1318827313916448,model2,OP0013,FC1
0.12463428245134568,model1,OP0013,C3
0.1293450483434453,model2,OP0013,C3
0.18270952594781173,model1,OP0013,T7
0.24163109727433593,model2,OP0013,T7
0.1027903624006835,model1,OP0013,TP9
0.13069067456250838,model2,OP0013,TP9
0.1306423237610211,model1,OP0013,CP5
0.14508228429311648,model2,OP0013,CP5
0.10772460474363785,model1,OP0013,CP1
0.13102825026126794,model2,OP0013,CP1
0.08527147612097287,model1,OP0013,Pz
0.11170456524575502,model2,OP0013,Pz
0.09742378812371845,model1,OP0013,P3
0.12828389409095886,model2,OP0013,P3
0.10696991175320326,model1,OP0013,P7
0.16393832900368313,model2,OP0013,P7
0.12756350645218995,model1,OP0013,O1
0.18970094253771982,model2,OP0013,O1
0.11500360042916728,model1,OP0013,Oz
0.1703295782881832,model2,OP0013,Oz
0.11457303763401037,model1,OP0013,O2
0.1703363477405598,model2,OP0013,O2
0.09569682262864854,model1,OP0013,P4
0.1132797475518706,model2,OP0013,P4
0.10233556957072988,model1,OP0013,P8
0.12024318877127886,model2,OP0013,P8
0.10257740397295723,model1,OP0013,TP10
0.13049221902834227,model2,OP0013,TP10
0.07571275607545387,model1,OP0013,CP6
0.08032854444523137,model2,OP0013,CP6
0.0982593298310837,model1,OP0013,CP2
0.12238969957412457,model2,OP0013,CP2
0.10660646309536478,model1,OP0013,Cz
0.1318005076143668,model2,OP0013,Cz
0.08197045156613751,model1,OP0013,C4
0.09413319890152043,model2,OP0013,C4
0.14869638611917155,model1,OP0013,T8
0.2101166137157309,model2,OP0013,T8
0.22908872769606559,model1,OP0013,FT10
0.31408454882833964,model2,OP0013,FT10
0.1732486572553205,model1,OP0013,FC6
0.2305677480932296,model2,OP0013,FC6
0.09235237563479184,model1,OP0013,FC2
0.11642361386432844,model2,OP0013,FC2
0.013364793553621782,model1,OP0013,F4
0.010776790268283053,model2,OP0013,F4
0.043675160827115804,model1,OP0013,F8
0.05801211952124969,model2,OP0013,F8
0.11779843323571733,model1,OP0013,Fp2
0.12662358483778502,model2,OP0013,Fp2
0.16218639657947118,model1,OP0013,AF7
0.16932072708461487,model2,OP0013,AF7
0.07142194547647343,model1,OP0013,AF3
0.07175881318610201,model2,OP0013,AF3
0.11534851060969868,model1,OP0013,AFz
0.11802175987413124,model2,OP0013,AFz
0.08631029046529125,model1,OP0013,F1
0.09072281721663772,model2,OP0013,F1
0.027558326785660628,model1,OP0013,F5
0.06607019261941528,model2,OP0013,F5
0.2049633579977982,model1,OP0013,FT7
0.27807820363454844,model2,OP0013,FT7
0.18065349201519498,model1,OP0013,FC3
0.23139537453786985,model2,OP0013,FC3
0.09282027541479271,model1,OP0013,FCz
0.12271482195832274,model2,OP0013,FCz
0.11795224259566747,model1,OP0013,C1
0.1469240471459117,model2,OP0013,C1
0.14284319689597974,model1,OP0013,C5
0.15816615576287546,model2,OP0013,C5
0.12709234740934625,model1,OP0013,TP7
0.1483793361005427,model2,OP0013,TP7
0.10660550457158983,model1,OP0013,CP3
0.12411360821548074,model2,OP0013,CP3
0.09358670026969598,model1,OP0013,P1
0.12098952474048436,model2,OP0013,P1
0.09743939957120668,model1,OP0013,P5
0.12879653958055376,model2,OP0013,P5
0.1171891136104907,model1,OP0013,PO7
0.18096970846653918,model2,OP0013,PO7
0.07833172108486765,model1,OP0013,PO3
0.11253617387765377,model2,OP0013,PO3
0.07944772192386078,model1,OP0013,POz
0.10840631559472945,model2,OP0013,POz
0.08570849631702589,model1,OP0013,PO4
0.11180795253712396,model2,OP0013,PO4
0.13544625028068957,model1,OP0013,PO8
0.18381458419857677,model2,OP0013,PO8
0.1016501648250031,model1,OP0013,P6
0.11951630706142428,model2,OP0013,P6
0.09488644851957768,model1,OP0013,P2
0.11518960843667664,model2,OP0013,P2
0.10192606938215128,model1,OP0013,CPz
0.12679613229852824,model2,OP0013,CPz
0.09742668158624004,model1,OP0013,CP4
0.11483034836089029,model2,OP0013,CP4
0.053502505347817315,model1,OP0013,TP8
0.05997644758374065,model2,OP0013,TP8
0.13130729571509123,model1,OP0013,C6
0.1523802195112318,model2,OP0013,C6
0.10575795315216653,model1,OP0013,C2
0.12297968849390921,model2,OP0013,C2
0.1113068933256826,model1,OP0013,FC4
0.11308120747396785,model2,OP0013,FC4
0.16031999673168415,model1,OP0013,FT8
0.21376618667449565,model2,OP0013,FT8
0.06704739790144543,model1,OP0013,F6
0.04526224041614135,model2,OP0013,F6
0.0867254981683358,model1,OP0013,F2
0.09025464247758756,model2,OP0013,F2
0.04600356674179571,model1,OP0013,AF4
0.022014708820141497,model2,OP0013,AF4
0.10911343620448725,model1,OP0013,AF8
0.1077988943449866,model2,OP0013,AF8
0.25099247017570003,model1,OP0014,Fp1
0.23908557565195937,model2,OP0014,Fp1
0.44538781500495445,model1,OP0014,Fz
0.439765901217364,model2,OP0014,Fz
0.5353482728756287,model1,OP0014,F3
0.5311428483370975,model2,OP0014,F3
0.35480746437055083,model1,OP0014,F7
0.36350479523157664,model2,OP0014,F7
0.29767022497901724,model1,OP0014,FT9
0.32038131076805393,model2,OP0014,FT9
0.5075005149540064,model1,OP0014,FC5
0.5024629371078804,model2,OP0014,FC5
0.43905804737323084,model1,OP0014,FC1
0.43604357953327555,model2,OP0014,FC1
0.4898941110391732,model1,OP0014,C3
0.4872783554511334,model2,OP0014,C3
0.48128484007854094,model1,OP0014,T7
0.47803985103317437,model2,OP0014,T7
0.39071165176527894,model1,OP0014,TP9
0.3863919185407091,model2,OP0014,TP9
0.46075670363448407,model1,OP0014,CP5
0.4625454701400498,model2,OP0014,CP5
0.405015543707053,model1,OP0014,CP1
0.3997119466182723,model2,OP0014,CP1
0.38684063232605365,model1,OP0014,Pz
0.37912716268665697,model2,OP0014,Pz
0.4115602311404871,model1,OP0014,P3
0.41096207808283214,model2,OP0014,P3
0.39802224503512906,model1,OP0014,P7
0.40317596266429545,model2,OP0014,P7
0.4052877978024796,model1,OP0014,O1
0.41787208791424435,model2,OP0014,O1
0.4191300392149078,model1,OP0014,Oz
0.4322540786348336,model2,OP0014,Oz
0.40616004196424643,model1,OP0014,O2
0.41206304331376786,model2,OP0014,O2
0.421588194844612,model1,OP0014,P4
0.41758742983159514,model2,OP0014,P4
0.5246721892563748,model1,OP0014,P8
0.5272005166346296,model2,OP0014,P8
0.3893157823269836,model1,OP0014,TP10
0.3850251735551301,model2,OP0014,TP10
0.5097355598741933,model1,OP0014,CP6
0.5067334750561064,model2,OP0014,CP6
0.44413801472935555,model1,OP0014,CP2
0.4361695350046015,model2,OP0014,CP2
0.3949977324395576,model1,OP0014,Cz
0.38811934023960415,model2,OP0014,Cz
0.5177259961253787,model1,OP0014,C4
0.5130487978921753,model2,OP0014,C4
0.5557745844544749,model1,OP0014,T8
0.5508562804767762,model2,OP0014,T8
0.6262004273491952,model1,OP0014,FT10
0.6301503172411377,model2,OP0014,FT10
0.5256570474295242,model1,OP0014,FC6
0.5213585182311344,model2,OP0014,FC6
0.44949031257835986,model1,OP0014,FC2
0.4438419510640625,model2,OP0014,FC2
0.4784090638945642,model1,OP0014,F4
0.47261063123842306,model2,OP0014,F4
0.5312148175558168,model1,OP0014,F8
0.5266929602279429,model2,OP0014,F8
0.2566772046767266,model1,OP0014,AF7
0.24802450543296617,model2,OP0014,AF7
0.4199341266121252,model1,OP0014,AF3
0.4149178450295672,model2,OP0014,AF3
0.43097626001086,model1,OP0014,AFz
0.4240663189973393,model2,OP0014,AFz
0.4736429428914148,model1,OP0014,F1
0.47006168181583563,model2,OP0014,F1
0.4721467209116461,model1,OP0014,F5
0.47018321277441993,model2,OP0014,F5
0.4325476468036138,model1,OP0014,FT7
0.4284195581699888,model2,OP0014,FT7
0.5254917836541799,model1,OP0014,FC3
0.5197518874657728,model2,OP0014,FC3
0.43374273120365786,model1,OP0014,FCz
0.4265184238043349,model2,OP0014,FCz
0.5263948152317591,model1,OP0014,C1
0.5244317889436279,model2,OP0014,C1
0.5186563052628135,model1,OP0014,C5
0.5177963277326445,model2,OP0014,C5
0.5087645143147316,model1,OP0014,TP7
0.5151281697790046,model2,OP0014,TP7
0.46650074524088164,model1,OP0014,CP3
0.4623095317830283,model2,OP0014,CP3
0.40074107961202665,model1,OP0014,P1
0.39580039205798895,model2,OP0014,P1
0.424056375889343,model1,OP0014,P5
0.4259144548669343,model2,OP0014,P5
0.376742823843481,model1,OP0014,PO7
0.3816737158784531,model2,OP0014,PO7
0.42221662414681876,model1,OP0014,PO3
0.427265967870547,model2,OP0014,PO3
0.3463233173932038,model1,OP0014,POz
0.340938014401631,model2,OP0014,POz
0.3536779400324895,model1,OP0014,PO4
0.3532367648643134,model2,OP0014,PO4
0.38588295837223197,model1,OP0014,PO8
0.38925614716386353,model2,OP0014,PO8
0.4635931184806428,model1,OP0014,P6
0.46222022504818827,model2,OP0014,P6
0.40567509799031864,model1,OP0014,P2
0.3979708421033792,model2,OP0014,P2
0.4125640639315715,model1,OP0014,CPz
0.4056237875115325,model2,OP0014,CPz
0.4855789178817834,model1,OP0014,CP4
0.482055175732839,model2,OP0014,CP4
0.512177796428726,model1,OP0014,TP8
0.5108068798251829,model2,OP0014,TP8
0.5377326952632162,model1,OP0014,C6
0.5344118533077157,model2,OP0014,C6
0.4565465183242156,model1,OP0014,C2
0.44924834839585687,model2,OP0014,C2
0.4867937520223645,model1,OP0014,FC4
0.4839069113196163,model2,OP0014,FC4
0.5670592557835635,model1,OP0014,FT8
0.5626991507747238,model2,OP0014,FT8
0.44789175273844983,model1,OP0014,F6
0.4398665283220102,model2,OP0014,F6
0.47684230834908325,model1,OP0014,F2
0.4719610907776555,model2,OP0014,F2
0.4141662844581019,model1,OP0014,AF4
0.4068565935396311,model2,OP0014,AF4
0.30944257724099783,model1,OP0014,AF8
0.3010185463576953,model2,OP0014,AF8
0.1558368678106462,model1,OP0015,Fp1
0.17855666942655884,model2,OP0015,Fp1
0.05505150813655824,model1,OP0015,Fz
0.04804270563925838,model2,OP0015,Fz
0.05753103199533957,model1,OP0015,F3
0.05504337365953773,model2,OP0015,F3
0.10646326557551207,model1,OP0015,F7
0.11123471205024642,model2,OP0015,F7
0.1967832108446011,model1,OP0015,FT9
0.2774628605011867,model2,OP0015,FT9
0.06803302767306692,model1,OP0015,FC5
0.07435311205948103,model2,OP0015,FC5
0.06181339661837266,model1,OP0015,FC1
0.07054302709360095,model2,OP0015,FC1
0.07231228712953294,model1,OP0015,C3
0.07701778606144599,model2,OP0015,C3
0.06406219528241482,model1,OP0015,T7
0.10239698088436881,model2,OP0015,T7
0.06467412691160959,model1,OP0015,TP9
0.09028129564640401,model2,OP0015,TP9
0.02434130500645777,model1,OP0015,CP5
0.02901345140190908,model2,OP0015,CP5
0.10143627027393752,model1,OP0015,CP1
0.0940866535274904,model2,OP0015,CP1
0.0681661744662688,model1,OP0015,Pz
0.03254659698131667,model2,OP0015,Pz
0.0491701399008995,model1,OP0015,P3
0.043074198299816714,model2,OP0015,P3
0.09645175025766495,model1,OP0015,P7
0.14657296470155434,model2,OP0015,P7
0.09685106190267324,model1,OP0015,O1
0.14741758646672226,model2,OP0015,O1
0.06275176192452268,model1,OP0015,Oz
0.08488899676539494,model2,OP0015,Oz
0.13515667662208722,model1,OP0015,O2
0.18656121962591277,model2,OP0015,O2
0.12020625078392559,model1,OP0015,P4
0.09515179772924112,model2,OP0015,P4
0.10166555003215821,model1,OP0015,P8
0.13682444470637528,model2,OP0015,P8
0.030739993449762956,model1,OP0015,TP10
0.05407050372792163,model2,OP0015,TP10
0.1161069909137311,model1,OP0015,CP6
0.1205315775721554,model2,OP0015,CP6
0.08851279037662585,model1,OP0015,CP2
0.04359480438491215,model2,OP0015,CP2
0.07992577815276654,model1,OP0015,Cz
0.08777004825991735,model2,OP0015,Cz
0.08886568218715897,model1,OP0015,C4
0.08232171416690866,model2,OP0015,C4
0.039731766484338134,model1,OP0015,T8
0.06148971013846245,model2,OP0015,T8
0.1395073239797966,model1,OP0015,FT10
0.1992478369370995,model2,OP0015,FT10
0.059914144814741783,model1,OP0015,FC6
0.08140789874663314,model2,OP0015,FC6
0.07883167981722145,model1,OP0015,FC2
0.08784741426948857,model2,OP0015,FC2
0.057419258263905815,model1,OP0015,F4
0.05078558060623526,model2,OP0015,F4
0.12400196693700881,model1,OP0015,F8
0.17295301397898186,model2,OP0015,F8
0.15328647655674527,model1,OP0015,Fp2
0.2349369062477795,model2,OP0015,Fp2
0.13566045933966242,model1,OP0015,AF7
0.16951422111220915,model2,OP0015,AF7
0.09187218688475893,model1,OP0015,AF3
0.06434443246919092,model2,OP0015,AF3
0.07218011418018169,model1,OP0015,AFz
0.06213495728217755,model2,OP0015,AFz
0.04111131743529389,model1,OP0015,F1
0.03124236015319705,model2,OP0015,F1
0.11425051540537842,model1,OP0015,F5
0.11940098004142854,model2,OP0015,F5
0.14791034001695982,model1,OP0015,FT7
0.18010363833134777,model2,OP0015,FT7
0.07688098739229057,model1,OP0015,FC3
0.05044069702860695,model2,OP0015,FC3
0.05486723469193681,model1,OP0015,FCz
0.06140944108524057,model2,OP0015,FCz
0.08720412023858108,model1,OP0015,C1
0.09826657628266497,model2,OP0015,C1
0.0483053164696613,model1,OP0015,C5
0.07545901340669206,model2,OP0015,C5
0.03265918558822116,model1,OP0015,TP7
0.08257488628068495,model2,OP0015,TP7
0.040974249555312196,model1,OP0015,CP3
0.03551646965461443,model2,OP0015,CP3
0.020756259480770978,model1,OP0015,P1
0.020162078324027926,model2,OP0015,P1
0.0758473380876956,model1,OP0015,P5
0.09811579492896386,model2,OP0015,P5
0.09720068317531454,model1,OP0015,PO7
0.14751897254264038,model2,OP0015,PO7
0.1033133587413832,model1,OP0015,PO3
0.10569349278883132,model2,OP0015,PO3
0.1271661506179031,model1,OP0015,POz
0.09602214806283117,model2,OP0015,POz
0.0906960577769044,model1,OP0015,PO4
0.09034067389825774,model2,OP0015,PO4
0.1295288888105689,model1,OP0015,PO8
0.16524405776104953,model2,OP0015,PO8
0.09485635602436357,model1,OP0015,P6
0.07559877416289512,model2,OP0015,P6
0.0954836861978843,model1,OP0015,P2
0.04840843599417882,model2,OP0015,P2
0.08469149981724247,model1,OP0015,CPz
0.07133650605915937,model2,OP0015,CPz
0.11999626735861495,model1,OP0015,CP4
0.08661044954548551,model2,OP0015,CP4
0.029384160656684033,model1,OP0015,TP8
0.003677064407788469,model2,OP0015,TP8
0.03963936307355013,model1,OP0015,C6
0.03836154316540471,model2,OP0015,C6
0.08269614423018547,model1,OP0015,C2
0.0858147443282189,model2,OP0015,C2
0.07879673447144894,model1,OP0015,FC4
0.08945637466442705,model2,OP0015,FC4
0.11136732349138016,model1,OP0015,FT8
0.1799711644639288,model2,OP0015,FT8
0.04913905644471612,model1,OP0015,F6
0.05585698047108267,model2,OP0015,F6
0.05661914146475347,model1,OP0015,F2
0.04940566665965117,model2,OP0015,F2
0.0632784982120399,model1,OP0015,AF4
0.061577253018031054,model2,OP0015,AF4
0.07472335794133544,model1,OP0016,Fp1
0.0857864755805286,model2,OP0016,Fp1
0.005669062384714003,model1,OP0016,Fz
0.015318767126187358,model2,OP0016,Fz
0.08468884609040535,model1,OP0016,F3
0.1172320786885968,model2,OP0016,F3
-0.001434520018600936,model1,OP0016,F7
0.004640648702671872,model2,OP0016,F7
0.0839934484170493,model1,OP0016,FT9
0.08201577306698576,model2,OP0016,FT9
0.020144949938593084,model1,OP0016,FC1
0.03067572688077657,model2,OP0016,FC1
0.04679665797987694,model1,OP0016,C3
0.05678032982281099,model2,OP0016,C3
-0.0124144278068321,model1,OP0016,T7
-0.0052096282277148305,model2,OP0016,T7
0.05506469821093896,model1,OP0016,TP9
0.0675945183615453,model2,OP0016,TP9
0.061513846185684326,model1,OP0016,CP5
0.0684703508440029,model2,OP0016,CP5
0.08293478539113487,model1,OP0016,CP1
0.08879005281752425,model2,OP0016,CP1
0.01577066971741599,model1,OP0016,Pz
0.01984077728895199,model2,OP0016,Pz
0.04245463223684409,model1,OP0016,P3
0.05129761643361205,model2,OP0016,P3
0.04570941218402816,model1,OP0016,P7
0.05505404591306679,model2,OP0016,P7
0.10517065368941637,model1,OP0016,O1
0.11418228087039548,model2,OP0016,O1
0.06902678385963862,model1,OP0016,Oz
0.07078624115459729,model2,OP0016,Oz
0.05241322201099023,model1,OP0016,O2
0.05796313681380416,model2,OP0016,O2
0.07698115746097409,model1,OP0016,P4
0.09010376163889929,model2,OP0016,P4
0.059097660108130556,model1,OP0016,P8
0.07299271690026281,model2,OP0016,P8
0.05475646880958264,model1,OP0016,TP10
0.06715195121355251,model2,OP0016,TP10
0.12146977058662489,model1,OP0016,CP6
0.1303717424331045,model2,OP0016,CP6
0.09514341461000501,model1,OP0016,CP2
0.11105440513067619,model2,OP0016,CP2
0.0413241860473579,model1,OP0016,Cz
0.053061642680856794,model2,OP0016,Cz
0.07121658129052055,model1,OP0016,C4
0.0860180330789758,model2,OP0016,C4
0.009224022459913545,model1,OP0016,FT10
0.028855060841119752,model2,OP0016,FT10
0.03187558322170454,model1,OP0016,FC6
0.047951670177831904,model2,OP0016,FC6
0.06061287485655516,model1,OP0016,FC2
0.07598672747388187,model2,OP0016,FC2
0.0008706929324373325,model1,OP0016,F4
0.008571206153591297,model2,OP0016,F4
-0.027437294836934883,model1,OP0016,F8
-0.021026705863795712,model2,OP0016,F8
0.031360393511164875,model1,OP0016,Fp2
0.02088036198242567,model2,OP0016,Fp2
-0.0007967690027217582,model1,OP0016,AF7
0.006616754873296793,model2,OP0016,AF7
-0.023196830548576068,model1,OP0016,AF3
-0.02076423703626007,model2,OP0016,AF3
-0.006930286638093549,model1,OP0016,AFz
0.0018348621967146776,model2,OP0016,AFz
0.08375047914103487,model1,OP0016,F1
0.11615735365474043,model2,OP0016,F1
0.02495680646005119,model1,OP0016,F5
0.04045151163559399,model2,OP0016,F5
0.015098934098443735,model1,OP0016,FC3
0.025858719829691523,model2,OP0016,FC3
0.04357439687024368,model1,OP0016,FCz
0.055131182322051185,model2,OP0016,FCz
0.08854492182228219,model1,OP0016,C1
0.10357993984666611,model2,OP0016,C1
0.005646211576233474,model1,OP0016,C5
0.013856308772706646,model2,OP0016,C5
0.04807068379785832,model1,OP0016,TP7
0.05827851334659967,model2,OP0016,TP7
0.07790952528507135,model1,OP0016,CP3
0.08590735520134793,model2,OP0016,CP3
0.07251316555499177,model1,OP0016,P1
0.06602824262702738,model2,OP0016,P1
0.026877253269840088,model1,OP0016,PO7
0.0334868336085227,model2,OP0016,PO7
0.10673657419752121,model1,OP0016,PO3
0.11559073927474098,model2,OP0016,PO3
0.09323722761214483,model1,OP0016,POz
0.08492852539200711,model2,OP0016,POz
0.05590546739364143,model1,OP0016,PO4
0.061613910867647385,model2,OP0016,PO4
-0.004897282601907751,model1,OP0016,PO8
-0.0019926208749423894,model2,OP0016,PO8
0.09354128611040227,model1,OP0016,P6
0.09820848871677039,model2,OP0016,P6
0.08926511902297898,model1,OP0016,P2
0.09411144395736155,model2,OP0016,P2
0.0832641684534304,model1,OP0016,CPz
0.08880046408750049,model2,OP0016,CPz
0.10801058019636207,model1,OP0016,CP4
0.11645062250637543,model2,OP0016,CP4
0.07867658396197222,model1,OP0016,TP8
0.09965663200934602,model2,OP0016,TP8
0.10668740089184882,model1,OP0016,C6
0.12334479359840239,model2,OP0016,C6
0.05448789920072936,model1,OP0016,C2
0.06811606012929637,model2,OP0016,C2
0.06794613642394796,model1,OP0016,FC4
0.0842307160814072,model2,OP0016,FC4
-0.0271123369420923,model1,OP0016,FT8
-0.016761947329711112,model2,OP0016,FT8
0.0099619563366274,model1,OP0016,F6
0.014183209978497228,model2,OP0016,F6
0.017129678947624506,model1,OP0016,F2
0.029530151802878945,model2,OP0016,F2
-0.007412637768275024,model1,OP0016,AF4
-0.012659278760556976,model2,OP0016,AF4
-0.0007513490300418961,model1,OP0016,AF8
-0.0013300003505741665,model2,OP0016,AF8
0.10998448453298501,model1,OP0017,Fp1
0.08760185504225707,model2,OP0017,Fp1
0.1049539053644129,model1,OP0017,Fz
0.0913998362254231,model2,OP0017,Fz
0.11965578946047849,model1,OP0017,F3
0.0998779219187721,model2,OP0017,F3
0.06049023403353855,model1,OP0017,F7
0.06892956565372077,model2,OP0017,F7
0.07950824900498794,model1,OP0017,FT9
0.1023778059368282,model2,OP0017,FT9
0.11475702930678063,model1,OP0017,FC5
0.091543962288157,model2,OP0017,FC5
0.12812846881020207,model1,OP0017,FC1
0.12216798315046944,model2,OP0017,FC1
0.0995386519789179,model1,OP0017,C3
0.08527307759428455,model2,OP0017,C3
0.0902092666187501,model1,OP0017,T7
0.0675316621259508,model2,OP0017,T7
0.06575168364848584,model1,OP0017,CP5
0.057079502607672736,model2,OP0017,CP5
0.07825836891541309,model1,OP0017,CP1
0.0866990760538009,model2,OP0017,CP1
0.034283421439371145,model1,OP0017,Pz
0.04561947755096932,model2,OP0017,Pz
0.03238946859839829,model1,OP0017,P3
0.04188097327813775,model2,OP0017,P3
0.090810351786388,model1,OP0017,P7
0.10688703921627071,model2,OP0017,P7
0.060988323923408555,model1,OP0017,O1
0.06822481959075424,model2,OP0017,O1
0.03964495910397824,model1,OP0017,Oz
0.06707745283494793,model2,OP0017,Oz
0.04001725939179003,model1,OP0017,O2
0.06673239135746291,model2,OP0017,O2
0.030757880292935212,model1,OP0017,P4
0.05468176547280056,model2,OP0017,P4
0.03332842416565043,model1,OP0017,P8
0.0458429669534347,model2,OP0017,P8
0.03435907174483137,model1,OP0017,TP10
0.05387942973420402,model2,OP0017,TP10
0.03263267922309694,model1,OP0017,CP6
0.03025294968382547,model2,OP0017,CP6
0.06068323800280984,model1,OP0017,CP2
0.05392536964259567,model2,OP0017,CP2
0.08165915449430607,model1,OP0017,Cz
0.06933709826870209,model2,OP0017,Cz
0.06761806857149213,model1,OP0017,C4
0.06651281800428377,model2,OP0017,C4
0.06402839267371536,model1,OP0017,T8
0.07137630264315048,model2,OP0017,T8
0.1869173117174206,model1,OP0017,FT10
0.1680441575923492,model2,OP0017,FT10
0.10179983299696131,model1,OP0017,FC6
0.08127528826890316,model2,OP0017,FC6
0.09659995005873066,model1,OP0017,FC2
0.07839320468048071,model2,OP0017,FC2
0.10179417372508047,model1,OP0017,F4
0.0732853478103642,model2,OP0017,F4
0.11621215816770304,model1,OP0017,F8
0.0825134955946727,model2,OP0017,F8
0.11768109266638058,model1,OP0017,Fp2
0.09709908934346417,model2,OP0017,Fp2
0.059785652273387266,model1,OP0017,AF7
0.04501571422348557,model2,OP0017,AF7
0.11584355561867171,model1,OP0017,AF3
0.0996775300738488,model2,OP0017,AF3
0.15422363481396573,model1,OP0017,AFz
0.1472070481898073,model2,OP0017,AFz
0.1063868717098195,model1,OP0017,F1
0.08608259043044152,model2,OP0017,F1
0.09369043150601909,model1,OP0017,F5
0.09201610348850854,model2,OP0017,F5
0.11305167738296744,model1,OP0017,FC3
0.09693700805734713,model2,OP0017,FC3
0.09279774016287635,model1,OP0017,FCz
0.07670244843252279,model2,OP0017,FCz
0.08260900371534212,model1,OP0017,C1
0.07131833962599013,model2,OP0017,C1
0.0888829954175716,model1,OP0017,C5
0.08344801713945244,model2,OP0017,C5
0.04638752446344255,model1,OP0017,TP7
0.04903366886587832,model2,OP0017,TP7
0.06040791812309676,model1,OP0017,CP3
0.06135134034587245,model2,OP0017,CP3
0.03540025605144507,model1,OP0017,P1
0.044260793234770855,model2,OP0017,P1
0.03071113936904101,model1,OP0017,P5
0.04825295080729025,model2,OP0017,P5
0.03845397800185521,model1,OP0017,PO7
0.04075406245035605,model2,OP0017,PO7
0.062285662339504715,model1,OP0017,PO3
0.07009183501165123,model2,OP0017,PO3
0.028872374145315467,model1,OP0017,POz
0.05005934899125398,model2,OP0017,POz
0.04148757971771752,model1,OP0017,PO4
0.06844823161198338,model2,OP0017,PO4
0.02994817168083629,model1,OP0017,PO8
0.03916782101161283,model2,OP0017,PO8
0.04146971119592034,model1,OP0017,P6
0.05105111153073593,model2,OP0017,P6
0.04160875946221003,model1,OP0017,P2
0.05484322578124945,model2,OP0017,P2
0.08194325000078145,model1,OP0017,CPz
0.08102600370242678,model2,OP0017,CPz
0.04620734494220494,model1,OP0017,CP4
0.045985472948604236,model2,OP0017,CP4
0.018306845610562023,model1,OP0017,TP8
0.030337906125903275,model2,OP0017,TP8
0.06519679306014647,model1,OP0017,C6
0.046838514132226214,model2,OP0017,C6
0.07898392136190883,model1,OP0017,C2
0.07118061828096366,model2,OP0017,C2
0.0940147944183065,model1,OP0017,FC4
0.07487264416361485,model2,OP0017,FC4
0.09733423563697903,model1,OP0017,FT8
0.08665633575061406,model2,OP0017,FT8
0.10144808808629109,model1,OP0017,F6
0.072849436095516,model2,OP0017,F6
0.09956789082782112,model1,OP0017,F2
0.08205421018115142,model2,OP0017,F2
0.10470139875299006,model1,OP0017,AF4
0.08815770269640308,model2,OP0017,AF4
0.13328421647316685,model1,OP0017,AF8
0.11101128492958849,model2,OP0017,AF8
0.15691036926612173,model1,OP0018,Fp1
0.13686244675348788,model2,OP0018,Fp1
0.12050371236386298,model1,OP0018,Fz
0.0975458439131804,model2,OP0018,Fz
0.1373763026891054,model1,OP0018,F3
0.12091007220159002,model2,OP0018,F3
0.03272104227953714,model1,OP0018,F7
0.02739916500233627,model2,OP0018,F7
0.12602659606668598,model1,OP0018,FT9
0.20681734524141812,model2,OP0018,FT9
0.05359776787779136,model1,OP0018,FC5
0.045358916027232875,model2,OP0018,FC5
0.1333171190162979,model1,OP0018,FC1
0.116664490573825,model2,OP0018,FC1
0.04781323602549255,model1,OP0018,C3
0.04056264233321128,model2,OP0018,C3
0.07982924207845878,model1,OP0018,T7
0.13733079170425963,model2,OP0018,T7
0.0537800705975504,model1,OP0018,TP9
0.0647322063454774,model2,OP0018,TP9
0.018069480370110188,model1,OP0018,CP5
0.010034711647651615,model2,OP0018,CP5
0.03868341024026145,model1,OP0018,CP1
0.030281870414474443,model2,OP0018,CP1
0.006975014274819305,model1,OP0018,Pz
0.008927984358483016,model2,OP0018,Pz
0.012758537812829481,model1,OP0018,P3
0.014381509882792541,model2,OP0018,P3
0.04971672830923654,model1,OP0018,P7
0.07346566149949868,model2,OP0018,P7
-0.008323425365317322,model1,OP0018,O1
0.0020947729971083776,model2,OP0018,O1
-0.009914440786743263,model1,OP0018,Oz
-0.014953497652665605,model2,OP0018,Oz
-0.008513627536042333,model1,OP0018,O2
-0.012657244708958468,model2,OP0018,O2
0.007033560719667391,model1,OP0018,P4
0.00816747919594005,model2,OP0018,P4
0.023074305597862627,model1,OP0018,P8
0.0334695165345981,model2,OP0018,P8
0.053704453518157794,model1,OP0018,TP10
0.06466958528755559,model2,OP0018,TP10
0.025895924662588245,model1,OP0018,CP6
0.01190077733425959,model2,OP0018,CP6
0.0756199252860262,model1,OP0018,CP2
0.06336607899301805,model2,OP0018,CP2
0.06257100461921035,model1,OP0018,Cz
0.049745352000322325,model2,OP0018,Cz
0.07668481529647696,model1,OP0018,C4
0.06256561535246195,model2,OP0018,C4
-0.017371697403738694,model1,OP0018,T8
0.01980728167225875,model2,OP0018,T8
0.08277558519984335,model1,OP0018,FT10
0.09285743592238649,model2,OP0018,FT10
0.025369967261844404,model1,OP0018,FC6
0.0143329526101771,model2,OP0018,FC6
0.08619606227437866,model1,OP0018,FC2
0.0726271592837708,model2,OP0018,FC2
0.13470727983487088,model1,OP0018,F4
0.11000632906360007,model2,OP0018,F4
0.003553138728819393,model1,OP0018,F8
-0.004076568916125567,model2,OP0018,F8
0.1416959229079603,model1,OP0018,Fp2
0.1158008742630331,model2,OP0018,Fp2
0.11823962006758519,model1,OP0018,AF7
0.10462219403137811,model2,OP0018,AF7
0.14824351910155092,model1,OP0018,AF3
0.1276328896783061,model2,OP0018,AF3
0.13278426907098406,model1,OP0018,AFz
0.11239356446317415,model2,OP0018,AFz
0.12904736408590842,model1,OP0018,F1
0.10878748874647626,model2,OP0018,F1
0.10364462108409736,model1,OP0018,F5
0.09423327353259965,model2,OP0018,F5
0.02212906337784564,model1,OP0018,FT7
0.03144966942126801,model2,OP0018,FT7
0.10279548925690353,model1,OP0018,FC3
0.0901828761301642,model2,OP0018,FC3
0.10153166984699014,model1,OP0018,FCz
0.07862795738835017,model2,OP0018,FCz
0.08324374910294045,model1,OP0018,C1
0.06678111852552009,model2,OP0018,C1
0.022285400645787087,model1,OP0018,C5
0.01824100142857679,model2,OP0018,C5
0.07920338121044558,model1,OP0018,TP7
0.11755400472311134,model2,OP0018,TP7
0.034611453018281495,model1,OP0018,CP3
0.03118919803543502,model2,OP0018,CP3
0.013426159882450925,model1,OP0018,P1
0.015288192160505958,model2,OP0018,P1
0.008494925018547119,model1,OP0018,P5
0.004785397514000838,model2,OP0018,P5
-0.01973351698682157,model1,OP0018,PO7
0.0005566441020725109,model2,OP0018,PO7
0.010025627521344895,model1,OP0018,PO3
0.017348558325115466,model2,OP0018,PO3
0.01941248822997656,model1,OP0018,POz
0.027660604919968062,model2,OP0018,POz
0.03475012136088662,model1,OP0018,PO4
0.029911528154054734,model2,OP0018,PO4
0.04645844567254317,model1,OP0018,PO8
0.029102488159281206,model2,OP0018,PO8
0.01929952872839317,model1,OP0018,P6
0.010177902974648156,model2,OP0018,P6
0.007568918185755155,model1,OP0018,P2
0.007508411615890525,model2,OP0018,P2
0.06474367898231197,model1,OP0018,CPz
0.07399526918411407,model2,OP0018,CPz
0.04321097953490989,model1,OP0018,CP4
0.03642715490762104,model2,OP0018,CP4
0.08402280677938657,model1,OP0018,TP8
0.07772332052951943,model2,OP0018,TP8
0.04024980156914117,model1,OP0018,C6
0.029311014745682627,model2,OP0018,C6
0.07378027013415515,model1,OP0018,C2
0.05622959535750738,model2,OP0018,C2
0.09719502873155093,model1,OP0018,FC4
0.07800813364901041,model2,OP0018,FC4
-0.0016818570813191532,model1,OP0018,FT8
-0.0021998356248621883,model2,OP0018,FT8
0.1281049957736484,model1,OP0018,F6
0.10801116108886225,model2,OP0018,F6
0.12600305889045665,model1,OP0018,F2
0.0956493111388388,model2,OP0018,F2
0.1277319645029021,model1,OP0018,AF4
0.10544049886275114,model2,OP0018,AF4
0.10803570746965702,model1,OP0018,AF8
0.09018208506807676,model2,OP0018,AF8
0.3966591389906217,model1,OP0019,Fp1
0.42786006627993656,model2,OP0019,Fp1
0.22331795115067274,model1,OP0019,Fz
0.22974336601626852,model2,OP0019,Fz
0.2748097573261896,model1,OP0019,F3
0.2885346041040957,model2,OP0019,F3
0.29885768561613835,model1,OP0019,F7
0.3061795462047288,model2,OP0019,F7
0.2697504792349918,model1,OP0019,FT9
0.290424417407098,model2,OP0019,FT9
0.25202427166249364,model1,OP0019,FC5
0.2584917411981584,model2,OP0019,FC5
0.2096811926443344,model1,OP0019,FC1
0.21925292508015037,model2,OP0019,FC1
0.19143406357933576,model1,OP0019,C3
0.19461786918010127,model2,OP0019,C3
0.0394535818935788,model1,OP0019,T7
0.06348171394700176,model2,OP0019,T7
0.25128479706795065,model1,OP0019,TP9
0.2658520511083445,model2,OP0019,TP9
0.15530039828033454,model1,OP0019,CP5
0.14775278751954302,model2,OP0019,CP5
0.15389542945021603,model1,OP0019,CP1
0.15625995895415568,model2,OP0019,CP1
0.1048304570811702,model1,OP0019,Pz
0.10827286766942526,model2,OP0019,Pz
0.08697040972879337,model1,OP0019,P3
0.10268627207222918,model2,OP0019,P3
0.09743254084546764,model1,OP0019,P7
0.10000183304568663,model2,OP0019,P7
0.14466154102930365,model1,OP0019,O1
0.16721155662599713,model2,OP0019,O1
0.15860659434335939,model1,OP0019,Oz
0.1794444050156407,model2,OP0019,Oz
0.15624465523527692,model1,OP0019,O2
0.18051287549096937,model2,OP0019,O2
0.08283903682337355,model1,OP0019,P4
0.09674538202071464,model2,OP0019,P4
0.13984232632785804,model1,OP0019,P8
0.16846845299106436,model2,OP0019,P8
0.2503619454370497,model1,OP0019,TP10
0.2654928635848598,model2,OP0019,TP10
0.10888721500410094,model1,OP0019,CP6
0.1166280194470382,model2,OP0019,CP6
0.12756997266914497,model1,OP0019,CP2
0.12815411561088336,model2,OP0019,CP2
0.16682246202019135,model1,OP0019,Cz
0.17131945672597143,model2,OP0019,Cz
0.1599861467842534,model1,OP0019,C4
0.1572438739105451,model2,OP0019,C4
0.1332685915018001,model1,OP0019,T8
0.13243906234401856,model2,OP0019,T8
0.4097572636913233,model1,OP0019,FT10
0.45366832274788593,model2,OP0019,FT10
0.2234678123839772,model1,OP0019,FC6
0.21971100657899478,model2,OP0019,FC6
0.2077755853168483,model1,OP0019,FC2
0.21036378831693445,model2,OP0019,FC2
0.26132721139354265,model1,OP0019,F4
0.26357657773893567,model2,OP0019,F4
0.34066751841970344,model1,OP0019,F8
0.35741187683535014,model2,OP0019,F8
0.35610325308814517,model1,OP0019,Fp2
0.38273376600119435,model2,OP0019,Fp2
0.28603843335391094,model1,OP0019,AF7
0.3195317374649708,model2,OP0019,AF7
0.2977458984467515,model1,OP0019,AF3
0.31171018479390245,model2,OP0019,AF3
0.29116633032023,model1,OP0019,AFz
0.3015017800172245,model2,OP0019,AFz
0.24409900786691027,model1,OP0019,F1
0.25377655528562587,model2,OP0019,F1
0.3043621073369215,model1,OP0019,F5
0.3131440890049274,model2,OP0019,F5
0.3908595260546592,model1,OP0019,FT7
0.43259467178782945,model2,OP0019,FT7
0.21924923521201134,model1,OP0019,FC3
0.2262023871429252,model2,OP0019,FC3
0.21432693951634854,model1,OP0019,FCz
0.22238887214247904,model2,OP0019,FCz
0.18116140971588315,model1,OP0019,C1
0.1866692448523279,model2,OP0019,C1
0.17637854907769063,model1,OP0019,TP7
0.1889311849338232,model2,OP0019,TP7
0.1447408981811896,model1,OP0019,CP3
0.14980042677066205,model2,OP0019,CP3
0.11459630701300935,model1,OP0019,P1
0.11721694690680952,model2,OP0019,P1
0.09768925324627861,model1,OP0019,P5
0.0999550171863499,model2,OP0019,P5
0.17523193524632935,model1,OP0019,PO7
0.1952250006559993,model2,OP0019,PO7
0.08090960746506067,model1,OP0019,PO3
0.09088052657417038,model2,OP0019,PO3
0.05557057037692297,model1,OP0019,POz
0.06691803025317687,model2,OP0019,POz
0.06960501034226443,model1,OP0019,PO4
0.08309235302171604,model2,OP0019,PO4
0.1571127275410778,model1,OP0019,PO8
0.18374579118657466,model2,OP0019,PO8
0.07384772016486871,model1,OP0019,P6
0.09985313746555335,model2,OP0019,P6
0.10534284486441976,model1,OP0019,P2
0.1086434740797722,model2,OP0019,P2
0.13834316103868166,model1,OP0019,CPz
0.14134161136056805,model2,OP0019,CPz
0.11813936552284429,model1,OP0019,CP4
0.1236608576997357,model2,OP0019,CP4
0.25372982988545634,model1,OP0019,TP8
0.269382126185444,model2,OP0019,TP8
0.15088585655371337,model1,OP0019,C6
0.14654587569949346,model2,OP0019,C6
0.1804540411175717,model1,OP0019,C2
0.18302659311320152,model2,OP0019,C2
0.22713711216306912,model1,OP0019,FC4
0.22683849368781805,model2,OP0019,FC4
0.3078325962351079,model1,OP0019,FT8
0.318347445474557,model2,OP0019,FT8
0.3124034244560415,model1,OP0019,F6
0.3115395852951724,model2,OP0019,F6
0.25258743206168927,model1,OP0019,F2
0.26019172395173173,model2,OP0019,F2
0.3042880023961878,model1,OP0019,AF4
0.3145028341012201,model2,OP0019,AF4
0.0031502297926503486,model1,OP0019,AF8
-0.006920671618927325,model2,OP0019,AF8
0.18694533163430813,model1,OP0021,Fp1
0.22878892828785097,model2,OP0021,Fp1
0.1104929290818621,model1,OP0021,Fz
0.13405206171409234,model2,OP0021,Fz
0.06919284957742469,model1,OP0021,F3
0.09000319872643661,model2,OP0021,F3
0.09706942925157883,model1,OP0021,F7
0.10834130018051889,model2,OP0021,F7
0.16648649137927263,model1,OP0021,FT9
0.18821310707368571,model2,OP0021,FT9
0.19935885587512295,model1,OP0021,FC5
0.23939484847822787,model2,OP0021,FC5
0.1636803005135178,model1,OP0021,FC1
0.17649337823349448,model2,OP0021,FC1
0.07034373984634752,model1,OP0021,C3
0.06529784084850575,model2,OP0021,C3
0.12248568342029241,model1,OP0021,T7
0.11281966095053862,model2,OP0021,T7
0.10212889409080987,model1,OP0021,TP9
0.13004836454995644,model2,OP0021,TP9
0.1294147355946649,model1,OP0021,CP5
0.12246998531098485,model2,OP0021,CP5
0.05173641774942833,model1,OP0021,CP1
0.051630923851786484,model2,OP0021,CP1
0.1280164771735832,model1,OP0021,Pz
0.15675024289312275,model2,OP0021,Pz
0.2854447426392603,model1,OP0021,P3
0.28983239123770516,model2,OP0021,P3
0.36078971852999847,model1,OP0021,P7
0.3625597760613472,model2,OP0021,P7
0.2854370204645894,model1,OP0021,O1
0.2967889493101534,model2,OP0021,O1
0.22145159173048562,model1,OP0021,Oz
0.23391355223984583,model2,OP0021,Oz
0.23169173094683937,model1,OP0021,O2
0.23754182241351626,model2,OP0021,O2
0.33039978388321384,model1,OP0021,P4
0.33075909997110775,model2,OP0021,P4
0.2628030930148128,model1,OP0021,P8
0.25806857363340263,model2,OP0021,P8
0.10116482246826203,model1,OP0021,TP10
0.12940657479968937,model2,OP0021,TP10
0.05842750385959751,model1,OP0021,CP6
0.0757370468571688,model2,OP0021,CP6
0.03346756974439376,model1,OP0021,CP2
0.037089339008754045,model2,OP0021,CP2
0.12134009638913132,model1,OP0021,Cz
0.13464620965844212,model2,OP0021,Cz
0.10871927282625493,model1,OP0021,C4
0.1360356734090168,model2,OP0021,C4
0.08770147283027081,model1,OP0021,T8
0.06653327404656058,model2,OP0021,T8
0.1667994491661705,model1,OP0021,FT10
0.1666881379124982,model2,OP0021,FT10
0.1270290689200249,model1,OP0021,FC6
0.17656955830838253,model2,OP0021,FC6
0.17592422537292535,model1,OP0021,FC2
0.21170095458245056,model2,OP0021,FC2
0.12631332871769532,model1,OP0021,F4
0.13764968315997872,model2,OP0021,F4
0.09850856010661135,model1,OP0021,F8
0.13053195997756406,model2,OP0021,F8
0.17178923973739751,model1,OP0021,Fp2
0.22400764333286916,model2,OP0021,Fp2
0.12370826081869979,model1,OP0021,AF7
0.13622211151534436,model2,OP0021,AF7
0.06689455173557243,model1,OP0021,AF3
0.07242389518116399,model2,OP0021,AF3
0.1465756688596517,model1,OP0021,AFz
0.16723231348481332,model2,OP0021,AFz
0.23126898307579638,model1,OP0021,F1
0.2834493832326398,model2,OP0021,F1
0.11392735439955752,model1,OP0021,F5
0.1567072415355497,model2,OP0021,F5
0.21351735368921884,model1,OP0021,FT7
0.2570321867447749,model2,OP0021,FT7
0.11087325859033799,model1,OP0021,FC3
0.10955595258429886,model2,OP0021,FC3
0.17010379900632247,model1,OP0021,FCz
0.16935435274176136,model2,OP0021,FCz
0.08436669915889732,model1,OP0021,C1
0.12721667094673628,model2,OP0021,C1
0.3066202863094807,model1,OP0021,C5
0.2996604353844507,model2,OP0021,C5
0.051277266182539666,model1,OP0021,TP7
0.04803487223553896,model2,OP0021,TP7
0.11805318377908103,model1,OP0021,CP3
0.12099795217369995,model2,OP0021,CP3
0.1443358933777934,model1,OP0021,P1
0.18457054624159544,model2,OP0021,P1
0.2496677011258476,model1,OP0021,P5
0.28308344451457995,model2,OP0021,P5
0.35788203684872616,model1,OP0021,PO7
0.3566429669758082,model2,OP0021,PO7
0.363069454396601,model1,OP0021,PO3
0.36698458163580217,model2,OP0021,PO3
0.3327603056055214,model1,OP0021,POz
0.33627817083888056,model2,OP0021,POz
0.3243875559165417,model1,OP0021,PO4
0.3261861179455235,model2,OP0021,PO4
0.12913368062948236,model1,OP0021,PO8
0.13874379559485786,model2,OP0021,PO8
0.2633574928458202,model1,OP0021,P6
0.25861282660820933,model2,OP0021,P6
0.3015439666300879,model1,OP0021,P2
0.2976501578820887,model2,OP0021,P2
0.04441509680722764,model1,OP0021,CPz
0.042772538065876005,model2,OP0021,CPz
0.05286867789625896,model1,OP0021,CP4
0.0765141581005899,model2,OP0021,CP4
0.13164230799786789,model1,OP0021,TP8
0.12058734066324674,model2,OP0021,TP8
0.08834025846342033,model1,OP0021,C6
0.07607169130030503,model2,OP0021,C6
0.07296738155388387,model1,OP0021,C2
0.11702884945434984,model2,OP0021,C2
0.18334633213534618,model1,OP0021,FC4
0.22007221724142342,model2,OP0021,FC4
0.19386299303589932,model1,OP0021,FT8
0.22804657184009325,model2,OP0021,FT8
0.11101514078518872,model1,OP0021,F6
0.09665952006143885,model2,OP0021,F6
0.08362227791639312,model1,OP0021,F2
0.09452864244707969,model2,OP0021,F2
0.1727201780825937,model1,OP0021,AF4
0.22471800079701532,model2,OP0021,AF4
0.11877207635608679,model1,OP0021,AF8
0.15422104850410387,model2,OP0021,AF8
